"","word","freq","sentRes","color"
"1","art",2181,0.6,"#03590C6D"
"2","artist",1332,0.6,"#03590C6D"
"3","new",1261,0.8,"#03590C92"
"4","join",972,0.25,"#03590C2E"
"5","good",902,0.75,"#03590C89"
"6","love",816,0.75,"#03590C89"
"7","great",705,0.5,"#03590C5B"
"8","hope",621,0.5,"#03590C5B"
"9","like",570,0.5,"#03590C5B"
"10","best",559,0.5,"#03590C5B"
"11","work",547,0.25,"#03590C2E"
"12","thank",533,0.5,"#03590C5B"
"13","creator",475,0.6,"#03590C6D"
"14","discord",422,-0.75,"#B3050989"
"15","free",421,0.5,"#03590C5B"
"16","develop",356,0.1,"#03590C12"
"17","artwork",354,0.6,"#03590C6D"
"18","pleas",350,-0.4,"#B3050949"
"19","share",347,0.5,"#03590C5B"
"20","support",336,0.5,"#03590C5B"
"21","success",314,0.75,"#03590C89"
"22","interest",271,0.5,"#03590C5B"
"23","launch",246,-0.1,"#B3050912"
"24","win",245,0.5,"#03590C5B"
"25","big",241,0.25,"#03590C2E"
"26","friend",228,0.8,"#03590C92"
"27","luck",225,0.75,"#03590C89"
"28","better",214,0.8,"#03590C92"
"29","enthusiast",213,0.5,"#03590C5B"
"30","gem",213,0.5,"#03590C5B"
"31","music",207,0.6,"#03590C6D"
"32","cloud",201,-0.25,"#B305092E"
"33","lover",201,0.5,"#03590C5B"
"34","strong",194,0.5,"#03590C5B"
"35","nice",193,0.5,"#03590C5B"
"36","alert",189,-0.25,"#B305092E"
"37","monster",185,-0.5,"#B305095B"
"38","profession",178,0.25,"#03590C2E"
"39","reward",175,0.75,"#03590C89"
"40","unite",159,0.6,"#03590C6D"
"41","offer",157,0.1,"#03590C12"
"42","star",153,0.6,"#03590C6D"
"43","cool",145,0.75,"#03590C89"
"44","player",145,-0.1,"#B3050912"
"45","wait",143,-0.25,"#B305092E"
"46","build",136,0.1,"#03590C12"
"47","found",135,0.6,"#03590C6D"
"48","grow",127,0.8,"#03590C92"
"49","trend",126,0.4,"#03590C49"
"50","mafia",120,-0.8,"#B3050992"
"51","attract",120,0.8,"#03590C92"
"52","right",118,0.8,"#03590C92"
"53","enjoy",118,0.75,"#03590C89"
"54","real",117,0.25,"#03590C2E"
"55","dream",116,0.25,"#03590C2E"
"56","limit",114,-0.25,"#B305092E"
"57","burn",107,-0.4,"#B3050949"
"58","special",107,0.8,"#03590C92"
"59","money",103,0.6,"#03590C6D"
"60","passion",99,0.5,"#03590C5B"
"61","visit",98,0.4,"#03590C49"
"62","wish",96,0.8,"#03590C92"
"63","excel",95,0.75,"#03590C89"
"64","winner",94,0.75,"#03590C89"
"65","king",90,0.1,"#03590C12"
"66","founder",90,0.4,"#03590C49"
"67","well",90,0.8,"#03590C92"
"68","global",89,0.4,"#03590C49"
"69","clear",88,0.5,"#03590C5B"
"70","fun",86,0.75,"#03590C89"
"71","partner",85,0.8,"#03590C92"
"72","true",81,0.5,"#03590C5B"
"73","hero",79,0.75,"#03590C89"
"74","gain",79,0.75,"#03590C89"
"75","main",78,0.4,"#03590C49"
"76","wealth",78,0.5,"#03590C5B"
"77","learn",78,0.8,"#03590C92"
"78","gang",76,-0.8,"#B3050992"
"79","award",76,0.75,"#03590C89"
"80","save",76,0.5,"#03590C5B"
"81","content",75,0.6,"#03590C6D"
"82","smart",75,0.5,"#03590C5B"
"83","wild",73,-0.25,"#B305092E"
"84","ğŸ—¥ğŸ—¥nğŸ‡¥wish",73,0.8,"#03590C92"
"85","gift",72,0.5,"#03590C5B"
"86","hard",71,-0.25,"#B305092E"
"87","super",70,0.75,"#03590C89"
"88","hot",70,-0.25,"#B305092E"
"89","proud",68,0.75,"#03590C89"
"90","allow",68,0.25,"#03590C2E"
"91","trust",66,0.5,"#03590C5B"
"92","level",66,0.4,"#03590C49"
"93","cute",65,0.75,"#03590C89"
"94","journey",65,0.4,"#03590C49"
"95","addict",63,-1,"#B30509B6"
"96","alien",63,-0.6,"#B305096D"
"97","asset",63,0.5,"#03590C5B"
"98","forget",61,-0.5,"#B305095B"
"99","fee",60,-0.6,"#B305096D"
"100","wow",59,0.5,"#03590C5B"
"101","boy",58,0.25,"#03590C2E"
"102","popular",58,0.5,"#03590C5B"
"103","ancient",58,0.25,"#03590C2E"
"104","kind",57,0.5,"#03590C5B"
"105","present",57,0.25,"#03590C2E"
"106","glad",56,0.75,"#03590C89"
"107","lost",54,-0.75,"#B3050989"
"108","block",54,-0.4,"#B3050949"
"109","concept",53,0.4,"#03590C49"
"110","actual",53,0.4,"#03590C49"
"111","gutter",50,-0.4,"#B3050949"
"112","vision",50,0.5,"#03590C5B"
"113","prize",50,0.8,"#03590C92"
"114","surreal",50,0.4,"#03590C49"
"115","model",49,0.4,"#03590C49"
"116","smile",49,0.75,"#03590C89"
"117","deal",49,0.25,"#03590C2E"
"118","skill",49,0.8,"#03590C92"
"119","bore",48,-0.75,"#B3050989"
"120","cheap",48,-0.5,"#B305095B"
"121","talk",48,0.4,"#03590C49"
"122","expert",46,0.6,"#03590C6D"
"123","magic",45,0.25,"#03590C2E"
"124","white",45,0.4,"#03590C49"
"125","promoterğŸ–”",45,0.6,"#03590C6D"
"126","troll",44,-0.8,"#B3050992"
"127","hidden",43,-0.25,"#B305092E"
"128","hail",43,0.5,"#03590C5B"
"129","clean",42,0.75,"#03590C89"
"130","lose",42,-0.25,"#B305092E"
"131","talent",42,0.5,"#03590C5B"
"132","forward",41,0.6,"#03590C6D"
"133","bless",40,1,"#03590CB6"
"134","care",40,1,"#03590CB6"
"135","sad",40,-0.5,"#B305095B"
"136","bullish",40,-0.8,"#B3050992"
"137","dope",39,-0.25,"#B305092E"
"138","amaze",39,0.5,"#03590C5B"
"139","black",38,-0.25,"#B305092E"
"140","blow",38,-0.4,"#B3050949"
"141","focus",38,0.6,"#03590C6D"
"142","lead",38,0.25,"#03590C2E"
"143","bright",37,0.5,"#03590C5B"
"144","dark",37,-0.6,"#B305096D"
"145","growth",37,0.5,"#03590C5B"
"146","perfect",36,0.75,"#03590C89"
"147","stop",36,-0.4,"#B3050949"
"148","fight",35,-0.5,"#B305095B"
"149","inspire",35,1,"#03590CB6"
"150","warrior",35,-0.6,"#B305096D"
"151","food",35,0.4,"#03590C49"
"152","sir",35,0.25,"#03590C2E"
"153","lowest",35,-0.75,"#B3050989"
"154","adopt",34,0.5,"#03590C5B"
"155","abandon",34,-0.75,"#B3050989"
"156","fail",34,-0.75,"#B3050989"
"157","solid",34,0.25,"#03590C2E"
"158","trash",34,-0.5,"#B305095B"
"159","creatorğŸ–”ğŸ–”nvisit",33,0.6,"#03590C6D"
"160","greatest",33,0.5,"#03590C5B"
"161","sick",33,-0.75,"#B3050989"
"162","spirit",33,0.5,"#03590C5B"
"163","doubt",33,-0.75,"#B3050989"
"164","angel",32,0.5,"#03590C5B"
"165","eat",32,0.6,"#03590C6D"
"166","mar",32,-0.5,"#B305095B"
"167","progress",32,0.75,"#03590C89"
"168","won",32,0.5,"#03590C5B"
"169","donkey",32,-0.25,"#B305092E"
"170","expect",32,0.4,"#03590C49"
"171","fuck",32,-1,"#B30509B6"
"172","hit",32,-0.25,"#B305092E"
"173","ğŸ§¥ğŸ§¥ğŸ§¥wow",32,0.5,"#03590C5B"
"174","gold",31,0.5,"#03590C5B"
"175","birth",31,0.6,"#03590C6D"
"176","bad",30,-0.75,"#B3050989"
"177","ghost",30,-0.6,"#B305096D"
"178","lion",30,0.1,"#03590C12"
"179","peril",30,-1,"#B30509B6"
"180","torrent",30,-0.4,"#B3050949"
"181","war",30,-0.5,"#B305095B"
"182","yes",30,0.8,"#03590C92"
"183","hype",30,-0.5,"#B305095B"
"184","worth",30,0.75,"#03590C89"
"185","benefit",29,0.75,"#03590C89"
"186","enough",29,-0.25,"#B305092E"
"187","impress",29,0.75,"#03590C89"
"188","knight",28,0.6,"#03590C6D"
"189","late",28,-0.25,"#B305092E"
"190","boom",27,-0.4,"#B3050949"
"191","detect",27,0.1,"#03590C12"
"192","rich",27,0.5,"#03590C5B"
"193","partnership",27,0.8,"#03590C92"
"194","queer",27,-0.25,"#B305092E"
"195","boring",27,-1,"#B30509B6"
"196","birthday",26,0.8,"#03590C92"
"197","fine",26,0.25,"#03590C2E"
"198","mate",26,0.6,"#03590C6D"
"199","problem",26,-0.75,"#B3050989"
"200","usual",26,0.4,"#03590C49"
"201","weed",26,-0.25,"#B305092E"
"202","freedom",25,0.75,"#03590C89"
"203","pill",25,-0.25,"#B305092E"
"204","coast",25,0.6,"#03590C6D"
"205","latent",25,-0.25,"#B305092E"
"206","accord",25,0.8,"#03590C92"
"207","ill",24,-0.5,"#B305095B"
"208","shot",24,-0.4,"#B3050949"
"209","contact",23,0.4,"#03590C49"
"210","drone",23,-0.4,"#B3050949"
"211","lunatic",23,-0.75,"#B3050989"
"212","excellent",23,1,"#03590CB6"
"213","splatter",23,-0.6,"#B305096D"
"214","fire",22,-0.25,"#B305092E"
"215","break",22,-0.25,"#B305092E"
"216","director",21,0.25,"#03590C2E"
"217","fair",21,0.75,"#03590C89"
"218","fellow",21,0.4,"#03590C49"
"219","conflict",21,-1,"#B30509B6"
"220","mad",20,-0.75,"#B3050989"
"221","mutant",20,-0.25,"#B305092E"
"222","safe",20,0.75,"#03590C89"
"223","shit",20,-0.75,"#B3050989"
"224","protect",20,0.75,"#03590C89"
"225","sin",20,-0.75,"#B3050989"
"226","delay",19,-0.75,"#B3050989"
"227","golden",19,0.6,"#03590C6D"
"228","famous",19,0.5,"#03590C5B"
"229","ownership",19,0.6,"#03590C6D"
"230","joy",18,0.75,"#03590C89"
"231","wolf",18,-0.25,"#B305092E"
"232","unknown",18,-0.5,"#B305095B"
"233","amazing",18,0.5,"#03590C5B"
"234","passive",18,-0.75,"#B3050989"
"235","dead",17,-1,"#B30509B6"
"236","death",17,-0.75,"#B3050989"
"237","epic",17,0.8,"#03590C92"
"238","poor",17,-0.5,"#B305095B"
"239","young",17,0.4,"#03590C49"
"240","pay",17,-0.1,"#B3050912"
"241","ahead",17,0.8,"#03590C92"
"242","demon",17,-0.5,"#B305095B"
"243","brilliant",17,1,"#03590CB6"
"244","succeed",17,0.5,"#03590C5B"
"245","weird",16,-0.25,"#B305092E"
"246","witch",16,-0.4,"#B3050949"
"247","sun",16,0.6,"#03590C6D"
"248","action",16,0.25,"#03590C2E"
"249","child",16,0.6,"#03590C6D"
"250","leader",16,0.25,"#03590C2E"
"251","pawn",16,-0.4,"#B3050949"
"252","reason",16,0.6,"#03590C6D"
"253","scientist",16,0.4,"#03590C49"
"254","sneak",16,-0.5,"#B305095B"
"255","earshot",16,-0.25,"#B305092E"
"256","ascension",15,0.5,"#03590C5B"
"257","brother",15,0.4,"#03590C49"
"258","guru",15,0.6,"#03590C6D"
"259","heroic",15,1,"#03590CB6"
"260","scam",15,-0.5,"#B305095B"
"261","sex",15,0.1,"#03590C12"
"262","astronaut",15,0.4,"#03590C49"
"263","daughter",15,0.6,"#03590C6D"
"264","horror",15,-1,"#B30509B6"
"265","sever",15,-0.5,"#B305095B"
"266","stronger",15,0.5,"#03590C5B"
"267","unusual",15,-0.6,"#B305096D"
"268","certain",15,0.8,"#03590C92"
"269","recommend",15,0.5,"#03590C5B"
"270","fall",14,-0.25,"#B305092E"
"271","expand",14,0.1,"#03590C12"
"272","laugh",14,0.5,"#03590C5B"
"273","myth",14,-0.25,"#B305092E"
"274","respect",14,0.5,"#03590C5B"
"275","fend",14,-0.25,"#B305092E"
"276","freak",13,-0.8,"#B3050992"
"277","hell",13,-0.8,"#B3050992"
"278","dear",13,0.5,"#03590C5B"
"279","govern",13,0.4,"#03590C49"
"280","prospect",13,0.6,"#03590C6D"
"281","task",13,-0.25,"#B305092E"
"282","teacher",13,0.25,"#03590C2E"
"283","stun",13,-0.25,"#B305092E"
"284","beast",12,-0.5,"#B305095B"
"285","coolest",12,0.5,"#03590C5B"
"286","curious",12,0.4,"#03590C49"
"287","modern",12,0.6,"#03590C6D"
"288","thrive",12,1,"#03590CB6"
"289","aficionado",12,0.8,"#03590C92"
"290","analyst",12,0.25,"#03590C2E"
"291","bonus",12,0.5,"#03590C5B"
"292","cash",12,0.4,"#03590C49"
"293","craft",12,0.5,"#03590C5B"
"294","dent",12,-0.5,"#B305095B"
"295","fresh",12,0.5,"#03590C5B"
"296","ğŸ—¥new",12,0.8,"#03590C92"
"297","ğŸ—¥ğŸ—¥ğŸ—¥âš¡ï¸breaking",12,-0.6,"#B305096D"
"298","danger",11,-0.75,"#B3050989"
"299","fake",11,-0.75,"#B3050989"
"300","slow",11,-0.25,"#B305092E"
"301","twin",11,0.25,"#03590C2E"
"302","victor",11,0.5,"#03590C5B"
"303","wizard",11,0.4,"#03590C49"
"304","accept",11,1,"#03590CB6"
"305","chill",11,-0.1,"#B3050912"
"306","die",11,-0.75,"#B3050989"
"307","favor",11,0.6,"#03590C6D"
"308","haunt",11,-0.75,"#B3050989"
"309","honest",11,0.75,"#03590C89"
"310","joke",11,0.6,"#03590C6D"
"311","shine",11,0.5,"#03590C5B"
"312","charm",10,0.75,"#03590C89"
"313","fear",10,-0.75,"#B3050989"
"314","genius",10,0.5,"#03590C5B"
"315","hottest",10,-0.25,"#B305092E"
"316","infant",10,0.6,"#03590C6D"
"317","mob",10,-0.8,"#B3050992"
"318","professor",10,0.4,"#03590C49"
"319","afraid",10,-0.75,"#B3050989"
"320","await",10,-0.5,"#B305095B"
"321","demand",10,-0.5,"#B305095B"
"322","entertain",10,0.5,"#03590C5B"
"323","optimist",10,0.5,"#03590C5B"
"324","promoting",10,0.6,"#03590C6D"
"325","prove",10,0.6,"#03590C6D"
"326","tax",10,-0.25,"#B305092E"
"327","thinker",10,0.5,"#03590C5B"
"328","veteran",10,0.1,"#03590C12"
"329","attention",10,0.25,"#03590C2E"
"330","casino",10,-0.25,"#B305092E"
"331","extra",10,0.4,"#03590C49"
"332","wellğŸ§¥ğŸ§¥ğŸ‡¥ğŸ—¥ğŸ—¥ğŸ—¥ğŸ—¥ğŸ—¥ğŸ—¥ğŸ—¥ğŸ—¥ğŸ—¥ğŸ—¥ğŸ—¥ğŸ—¥ğŸ—¥ğŸ—¥ğŸ—¥ğŸ—¥ğŸ—¥ğŸ—¥ğŸ—¥ğŸ—¥ğŸ—¥ğŸ—¥",10,0.8,"#03590C92"
"333","acid",9,-0.4,"#B3050949"
"334","broken",9,-0.75,"#B3050989"
"335","cheer",9,0.75,"#03590C89"
"336","classic",9,0.5,"#03590C5B"
"337","desert",9,-0.5,"#B305095B"
"338","fat",9,-0.5,"#B305095B"
"339","invasion",9,-0.6,"#B305096D"
"340","joker",9,-0.1,"#B3050912"
"341","odd",9,-0.25,"#B305092E"
"342","stealth",9,-0.25,"#B305092E"
"343","sweet",9,0.75,"#03590C89"
"344","heaven",9,0.8,"#03590C92"
"345","afford",9,0.5,"#03590C5B"
"346","ass",9,-0.5,"#B305095B"
"347","damn",9,-0.75,"#B3050989"
"348","dedication",9,0.5,"#03590C5B"
"349","depress",9,-0.5,"#B305095B"
"350","disrupt",9,-0.8,"#B3050992"
"351","explorer",9,0.6,"#03590C6D"
"352","fit",9,0.4,"#03590C49"
"353","novel",9,0.1,"#03590C12"
"354","quit",9,-0.6,"#B305096D"
"355","regret",9,-0.75,"#B3050989"
"356","tether",9,-0.25,"#B305092E"
"357","truth",9,1,"#03590CB6"
"358","twitch",9,-0.6,"#B305096D"
"359","wound",9,-0.5,"#B305095B"
"360","marvel",9,0.75,"#03590C89"
"361","ace",8,0.8,"#03590C92"
"362","burnt",8,-0.5,"#B305095B"
"363","clown",8,0.1,"#03590C12"
"364","con",8,-0.25,"#B305092E"
"365","lone",8,-0.25,"#B305092E"
"366","major",8,0.4,"#03590C49"
"367","punish",8,-0.75,"#B3050989"
"368","smoke",8,-0.25,"#B305092E"
"369","wimp",8,-1,"#B30509B6"
"370","wisdom",8,0.75,"#03590C89"
"371","blind",8,-0.75,"#B3050989"
"372","calm",8,0.75,"#03590C89"
"373","debt",8,-0.75,"#B3050989"
"374","fool",8,-0.75,"#B3050989"
"375","gangâ€œnmad",8,-0.8,"#B3050992"
"376","general",8,0.4,"#03590C49"
"377","heal",8,0.75,"#03590C89"
"378","lesson",8,0.4,"#03590C49"
"379","prison",8,-0.75,"#B3050989"
"380","pure",8,1,"#03590CB6"
"381","render",8,-0.25,"#B305092E"
"382","steal",8,-0.75,"#B3050989"
"383","survivor",8,0.5,"#03590C5B"
"384","suspend",8,-0.6,"#B305096D"
"385","teach",8,0.4,"#03590C49"
"386","warm",8,0.5,"#03590C5B"
"387","wit",8,0.6,"#03590C6D"
"388","wrong",8,-0.75,"#B3050989"
"389","alertğŸ—¥",8,-0.25,"#B305092E"
"390","buzz",8,0.25,"#03590C2E"
"391","cut",8,-0.25,"#B305092E"
"392","taboo",8,-0.5,"#B305095B"
"393","unveil",8,0.25,"#03590C2E"
"394","wars",8,-1,"#B30509B6"
"395","avoid",7,-0.5,"#B305095B"
"396","brave",7,0.5,"#03590C5B"
"397","cartel",7,-0.25,"#B305092E"
"398","dust",7,-0.5,"#B305095B"
"399","hire",7,0.6,"#03590C6D"
"400","kitten",7,0.1,"#03590C12"
"401","loot",7,-0.5,"#B305095B"
"402","mole",7,-0.4,"#B3050949"
"403","unique",7,0.6,"#03590C6D"
"404","awaken",7,0.8,"#03590C92"
"405","bold",7,0.25,"#03590C2E"
"406","bomb",7,-0.75,"#B3050989"
"407","civil",7,0.8,"#03590C92"
"408","havenâ€™t",7,0.4,"#03590C49"
"409","horizon",7,0.25,"#03590C2E"
"410","obsess",7,-0.4,"#B3050949"
"411","pioneer",7,0.25,"#03590C2E"
"412","precious",7,0.5,"#03590C5B"
"413","flourish",7,0.8,"#03590C92"
"414","hang",7,-0.25,"#B305092E"
"415","smooth",7,0.6,"#03590C6D"
"416","thanksğŸ—¥ğŸ—¥nngordon",7,0.6,"#03590C6D"
"417","â€œvice",7,-0.5,"#B305095B"
"418","badass",6,0.4,"#03590C49"
"419","bust",6,-0.25,"#B305092E"
"420","center",6,0.25,"#03590C2E"
"421","cold",6,-0.5,"#B305095B"
"422","crystal",6,0.6,"#03590C6D"
"423","extinct",6,-0.5,"#B305095B"
"424","guardian",6,0.1,"#03590C12"
"425","hate",6,-0.75,"#B3050989"
"426","hybrid",6,0.25,"#03590C2E"
"427","phantom",6,-0.5,"#B305095B"
"428","prime",6,0.1,"#03590C12"
"429","sage",6,0.6,"#03590C6D"
"430","sloth",6,-0.5,"#B305095B"
"431","active",6,0.25,"#03590C2E"
"432","rat",6,-0.5,"#B305095B"
"433","accomplish",6,0.75,"#03590C89"
"434","artistâ€Œ",6,0.6,"#03590C6D"
"435","avid",6,0.75,"#03590C89"
"436","blame",6,-0.75,"#B3050989"
"437","cancer",6,-0.75,"#B3050989"
"438","champion",6,0.5,"#03590C5B"
"439","goblin",6,-0.8,"#B3050992"
"440","godnâ€â€â€â€â€â€â€â€â€â€â€â€â€â€â€â€â€â€â€â€â€â€â€â€â€â€â€â€interest",6,0.5,"#03590C5B"
"441","honor",6,1,"#03590CB6"
"442","humor",6,0.5,"#03590C5B"
"443","instructor",6,0.4,"#03590C49"
"444","invite",6,0.25,"#03590C2E"
"445","kill",6,-0.75,"#B3050989"
"446","lawyer",6,-0.25,"#B305092E"
"447","loyal",6,1,"#03590CB6"
"448","nğŸ–”discord",6,-0.75,"#B3050989"
"449","nğŸ–”launch",6,-0.1,"#B3050912"
"450","option",6,0.4,"#03590C49"
"451","patient",6,0.5,"#03590C5B"
"452","payment",6,-0.1,"#B3050912"
"453","prevent",6,-0.25,"#B305092E"
"454","promotion",6,0.5,"#03590C5B"
"455","rebel",6,-0.5,"#B305095B"
"456","straight",6,0.6,"#03590C6D"
"457","stylish",6,0.8,"#03590C92"
"458","suffer",6,-0.75,"#B3050989"
"459","summon",6,-0.25,"#B305092E"
"460","unravel",6,-0.1,"#B3050912"
"461","vibrant",6,0.75,"#03590C89"
"462","âœ¨creator",6,0.6,"#03590C6D"
"463","ğŸ–”ğŸ–”ğŸ–”wait",6,-0.25,"#B305092E"
"464","bullishiovnğŸ‡¥thank",6,0.5,"#03590C5B"
"465","excite",6,0.75,"#03590C89"
"466","holiday",6,0.8,"#03590C92"
"467","sponsor",6,0.6,"#03590C6D"
"468","thrill",6,0.5,"#03590C5B"
"469","warp",6,-0.25,"#B305092E"
"470","ğŸ‡¥creator",6,0.6,"#03590C6D"
"471","ban",5,-0.5,"#B305095B"
"472","devil",5,-0.5,"#B305095B"
"473","dungeon",5,-0.5,"#B305095B"
"474","grant",5,0.5,"#03590C5B"
"475","haven",5,0.4,"#03590C49"
"476","ideal",5,1,"#03590CB6"
"477","stud",5,0.6,"#03590C6D"
"478","victim",5,-0.75,"#B3050989"
"479","weirdo",5,-1,"#B30509B6"
"480","worm",5,-0.25,"#B305092E"
"481","dreamland",5,0.8,"#03590C92"
"482","abstraction",5,-0.25,"#B305092E"
"483","augment",5,0.4,"#03590C49"
"484","bazaar",5,-0.25,"#B305092E"
"485","boost",5,0.5,"#03590C5B"
"486","childhood",5,0.6,"#03590C6D"
"487","connoisseur",5,0.6,"#03590C6D"
"488","cult",5,-1,"#B30509B6"
"489","fame",5,0.75,"#03590C89"
"490","fastest",5,0.6,"#03590C6D"
"491","garden",5,0.6,"#03590C6D"
"492","greet",5,0.8,"#03590C92"
"493","grind",5,-0.25,"#B305092E"
"494","highlight",5,0.6,"#03590C6D"
"495","kick",5,-0.25,"#B305092E"
"496","kiss",5,0.5,"#03590C5B"
"497","misfit",5,-0.8,"#B3050992"
"498","neat",5,0.8,"#03590C92"
"499","perk",5,1,"#03590CB6"
"500","philanthropist",5,1,"#03590CB6"
"501","pride",5,0.25,"#03590C2E"
"502","proper",5,0.5,"#03590C5B"
"503","resist",5,-0.6,"#B305096D"
"504","risk",5,-0.75,"#B3050989"
"505","ruin",5,-0.75,"#B3050989"
"506","scholar",5,0.6,"#03590C6D"
"507","soft",5,0.6,"#03590C6D"
"508","stuck",5,-0.25,"#B305092E"
"509","unleash",5,-0.25,"#B305092E"
"510","wise",5,0.5,"#03590C5B"
"511","youth",5,0.4,"#03590C49"
"512","attain",5,0.8,"#03590C92"
"513","faster",5,0.6,"#03590C6D"
"514","frost",5,-0.25,"#B305092E"
"515","prefer",5,0.1,"#03590C12"
"516","proven",5,0.5,"#03590C5B"
"517","strongest",5,0.75,"#03590C89"
"518","swift",5,0.75,"#03590C89"
"519","warzonenğŸ§¥big",5,0.25,"#03590C2E"
"520","winners",5,0.8,"#03590C92"
"521","Â«crystal",5,0.6,"#03590C6D"
"522","arcade",4,0.6,"#03590C6D"
"523","blunt",4,-0.5,"#B305095B"
"524","crypt",4,-0.8,"#B3050992"
"525","cure",4,1,"#03590CB6"
"526","elite",4,0.5,"#03590C5B"
"527","gangster",4,-1,"#B30509B6"
"528","ignorant",4,-1,"#B30509B6"
"529","lava",4,-0.25,"#B305092E"
"530","loud",4,-0.25,"#B305092E"
"531","maniac",4,-0.5,"#B305095B"
"532","pain",4,-0.75,"#B3050989"
"533","pig",4,-0.5,"#B305095B"
"534","princess",4,0.6,"#03590C6D"
"535","promoterğŸ’¡",4,0.6,"#03590C6D"
"536","prophet",4,0.6,"#03590C6D"
"537","sing",4,0.6,"#03590C6D"
"538","slime",4,-0.6,"#B305096D"
"539","venom",4,-0.75,"#B3050989"
"540","vigilant",4,0.75,"#03590C89"
"541","advise",4,0.8,"#03590C92"
"542","artistğŸ–”ğŸ†”â€ğŸ†”",4,0.6,"#03590C6D"
"543","artistğŸ–”ğŸ–”",4,0.6,"#03590C6D"
"544","athlete",4,0.6,"#03590C6D"
"545","attack",4,-0.75,"#B3050989"
"546","blah",4,-0.5,"#B305095B"
"547","bound",4,-0.25,"#B305092E"
"548","brighter",4,0.6,"#03590C6D"
"549","combat",4,-0.5,"#B305095B"
"550","complex",4,0.25,"#03590C2E"
"551","crack",4,-0.5,"#B305095B"
"552","crash",4,-0.75,"#B3050989"
"553","crime",4,-0.75,"#B3050989"
"554","critic",4,-0.75,"#B3050989"
"555","cruel",4,-1,"#B30509B6"
"556","dumb",4,-0.75,"#B3050989"
"557","easier",4,0.8,"#03590C92"
"558","empower",4,0.5,"#03590C5B"
"559","escape",4,-0.25,"#B305092E"
"560","extend",4,0.5,"#03590C5B"
"561","fiction",4,-0.25,"#B305092E"
"562","finest",4,0.5,"#03590C5B"
"563","fist",4,-0.4,"#B3050949"
"564","flutter",4,0.6,"#03590C6D"
"565","frozen",4,-0.25,"#B305092E"
"566","glitch",4,-0.5,"#B305095B"
"567","goon",4,-0.6,"#B305096D"
"568","gorgeous",4,0.5,"#03590C5B"
"569","hack",4,-0.5,"#B305095B"
"570","led",4,0.4,"#03590C49"
"571","loom",4,-0.5,"#B305095B"
"572","louder",4,-0.25,"#B305092E"
"573","managernnâ©gem",4,0.5,"#03590C5B"
"574","mural",4,0.1,"#03590C12"
"575","patriot",4,0.6,"#03590C6D"
"576","rotten",4,-0.5,"#B305095B"
"577","scholarship",4,0.8,"#03590C92"
"578","shelter",4,0.4,"#03590C49"
"579","shock",4,-0.75,"#B3050989"
"580","shoot",4,-0.5,"#B305095B"
"581","slip",4,-0.25,"#B305092E"
"582","snack",4,0.4,"#03590C49"
"583","strain",4,-0.6,"#B305096D"
"584","stupid",4,-1,"#B30509B6"
"585","superb",4,1,"#03590CB6"
"586","swamp",4,-0.6,"#B305096D"
"587","warn",4,-0.75,"#B3050989"
"588","wonâ€™t",4,0.5,"#03590C5B"
"589","ancestorsÂ»",4,0.25,"#03590C2E"
"590","animated",4,0.4,"#03590C49"
"591","artworknğŸ—¥insane",4,-0.75,"#B3050989"
"592","boyâ€™",4,0.25,"#03590C2E"
"593","countdown",4,-0.25,"#B305092E"
"594","decent",4,0.5,"#03590C5B"
"595","delight",4,1,"#03590CB6"
"596","destroy",4,-0.5,"#B305095B"
"597","exceed",4,0.5,"#03590C5B"
"598","exploit",4,-0.5,"#B305095B"
"599","generous",4,0.75,"#03590C89"
"600","greed",4,-1,"#B30509B6"
"601","limited",4,-0.75,"#B3050989"
"602","maiden",4,0.25,"#03590C2E"
"603","meditationÂ»",4,0.6,"#03590C6D"
"604","playground",4,0.5,"#03590C5B"
"605","refresh",4,0.8,"#03590C92"
"606","sunset",4,0.6,"#03590C6D"
"607","superior",4,0.75,"#03590C89"
"608","Â«ancient",4,0.25,"#03590C2E"
"609","ğŸ‡¥ğŸ§¥thank",4,0.5,"#03590C5B"
"610","ğŸ—¥nğŸ—¥epic",4,0.8,"#03590C92"
"611","alone",3,-0.6,"#B305096D"
"612","bandit",3,-0.8,"#B3050992"
"613","brash",3,-0.5,"#B305095B"
"614","caution",3,-0.25,"#B305092E"
"615","dank",3,-0.4,"#B3050949"
"616","deed",3,0.4,"#03590C49"
"617","drag",3,-0.5,"#B305095B"
"618","festival",3,0.5,"#03590C5B"
"619","ghetto",3,-0.5,"#B305095B"
"620","hollow",3,-0.5,"#B305095B"
"621","infest",3,-1,"#B30509B6"
"622","killer",3,-1,"#B30509B6"
"623","kitaï¼sing",3,0.6,"#03590C6D"
"624","lie",3,-0.5,"#B305095B"
"625","prick",3,-0.75,"#B3050989"
"626","quest",3,0.4,"#03590C49"
"627","revel",3,0.5,"#03590C5B"
"628","storm",3,-0.25,"#B305092E"
"629","trick",3,-0.5,"#B305095B"
"630","voodoo",3,-0.25,"#B305092E"
"631","blob",3,-0.25,"#B305092E"
"632","bravo",3,1,"#03590CB6"
"633","grand",3,0.5,"#03590C5B"
"634","mentor",3,0.8,"#03590C92"
"635","ram",3,-0.25,"#B305092E"
"636","vent",3,-0.25,"#B305092E"
"637","zÃ¼rich",3,0.5,"#03590C5B"
"638","accident",3,-0.5,"#B305095B"
"639","activeğŸ–”ğŸ¦”ğŸ¦”",3,0.25,"#03590C2E"
"640","artâ€¢nig",3,0.6,"#03590C6D"
"641","assist",3,0.8,"#03590C92"
"642","badger",3,-0.5,"#B305095B"
"643","beautiful",3,0.75,"#03590C89"
"644","boundless",3,0.4,"#03590C49"
"645","broke",3,-0.75,"#B3050989"
"646","bug",3,-0.5,"#B305095B"
"647","bullshit",3,-0.5,"#B305095B"
"648","careful",3,0.25,"#03590C2E"
"649","celebrating",3,0.75,"#03590C89"
"650","commit",3,-0.25,"#B305092E"
"651","companion",3,0.5,"#03590C5B"
"652","construct",3,0.6,"#03590C6D"
"653","convert",3,-0.25,"#B305092E"
"654","creatorğŸ–”fun",3,1.35,"#03590CF6"
"655","credit",3,0.4,"#03590C49"
"656","crucial",3,-0.1,"#B3050912"
"657","defeat",3,-0.8,"#B3050992"
"658","dice",3,-0.25,"#B305092E"
"659","drug",3,-0.1,"#B3050912"
"660","dump",3,-0.5,"#B305095B"
"661","enthusiasm",3,0.75,"#03590C89"
"662","evil",3,-0.75,"#B3050989"
"663","expire",3,-0.5,"#B305095B"
"664","featuredğŸ–”",3,0.4,"#03590C49"
"665","fucking",3,-1,"#B30509B6"
"666","gambler",3,-0.25,"#B305092E"
"667","gemsğŸ–”",3,0.6,"#03590C6D"
"668","gemğŸ–”ğŸ–”",3,0.5,"#03590C5B"
"669","goo",3,-0.25,"#B305092E"
"670","grim",3,-0.75,"#B3050989"
"671","hater",3,-0.5,"#B305095B"
"672","hoard",3,-0.25,"#B305092E"
"673","homeless",3,-1,"#B30509B6"
"674","honey",3,0.6,"#03590C6D"
"675","inventor",3,0.6,"#03590C6D"
"676","karat",3,0.4,"#03590C49"
"677","loser",3,-0.5,"#B305095B"
"678","loverâ¤follow",3,0.5,"#03590C5B"
"679","mankind",3,0.4,"#03590C49"
"680","memento",3,0.25,"#03590C2E"
"681","mistaken",3,-1,"#B30509B6"
"682","outlandish",3,-0.5,"#B305095B"
"683","patent",3,0.25,"#03590C2E"
"684","physician",3,-0.25,"#B305092E"
"685","punch",3,-0.5,"#B305095B"
"686","reborn",3,0.6,"#03590C6D"
"687","redeem",3,1,"#03590CB6"
"688","rewards",3,0.5,"#03590C5B"
"689","slave",3,-0.75,"#B3050989"
"690","slim",3,0.6,"#03590C6D"
"691","smoker",3,-0.25,"#B305092E"
"692","stranger",3,-0.5,"#B305095B"
"693","strategist",3,0.4,"#03590C49"
"694","strength",3,0.5,"#03590C5B"
"695","tact",3,0.4,"#03590C49"
"696","trap",3,-0.5,"#B305095B"
"697","uplift",3,0.5,"#03590C5B"
"698","vice",3,-0.5,"#B305095B"
"699","weak",3,-0.5,"#B305095B"
"700","ğŸ†”discord",3,-0.75,"#B3050989"
"701","ğŸ†”music",3,0.6,"#03590C6D"
"702","ğŸ–”discord",3,-0.75,"#B3050989"
"703","ğŸ–”majestic",3,0.5,"#03590C5B"
"704","ğŸ–”â£ï¸ğŸ–”â£ï¸ğŸ–”â£ï¸ğŸ–”â£ï¸ğŸ–”â£ï¸ğŸ–”â£ï¸ğŸ–”pleaseâ£ï¸follow",3,1,"#03590CB6"
"705","ğŸ¦”stayğŸ¦”sickğŸ¦”",3,-0.75,"#B3050989"
"706","ancestor",3,0.25,"#03590C2E"
"707","animation",3,0.25,"#03590C2E"
"708","arson",3,-1,"#B30509B6"
"709","available",3,0.8,"#03590C92"
"710","chosen",3,0.6,"#03590C6D"
"711","compact",3,0.4,"#03590C49"
"712","concern",3,-0.6,"#B305096D"
"713","depth",3,-0.25,"#B305092E"
"714","dessert",3,0.6,"#03590C6D"
"715","difficult",3,-0.5,"#B305095B"
"716","eager",3,0.75,"#03590C89"
"717","fade",3,-0.6,"#B305096D"
"718","familiar",3,0.8,"#03590C92"
"719","fell",3,-0.5,"#B305095B"
"720","festivalğŸ‡¥launch",3,0.4,"#03590C49"
"721","formula",3,0.4,"#03590C49"
"722","hopeÂ»",3,0.5,"#03590C5B"
"723","lucid",3,0.25,"#03590C2E"
"724","lure",3,-0.5,"#B305095B"
"725","mess",3,-0.75,"#B3050989"
"726","natural",3,0.6,"#03590C6D"
"727","obit",3,-0.25,"#B305092E"
"728","offset",3,-0.25,"#B305092E"
"729","opposed",3,-0.8,"#B3050992"
"730","peel",3,-0.25,"#B305092E"
"731","revival",3,0.5,"#03590C5B"
"732","rough",3,-0.25,"#B305092E"
"733","rumor",3,-0.25,"#B305092E"
"734","ruthless",3,-0.75,"#B3050989"
"735","skeptic",3,-0.5,"#B305095B"
"736","spent",3,-0.25,"#B305092E"
"737","stark",3,-0.5,"#B305095B"
"738","strengthen",3,0.5,"#03590C5B"
"739","supporterâ­ï¸nnjoin",3,0.75,"#03590C89"
"740","threat",3,-0.75,"#B3050989"
"741","tough",3,0.25,"#03590C2E"
"742","triumphant",3,0.75,"#03590C89"
"743","universityâ€nnhttpstcoriiozmdfknnnakatauniversiti",3,0.6,"#03590C6D"
"744","vivid",3,0.5,"#03590C5B"
"745","wellknown",3,1,"#03590CB6"
"746","ğŸ‡¥lost",3,-0.75,"#B3050989"
"747","aspire",2,0.5,"#03590C5B"
"748","daze",2,-0.4,"#B3050949"
"749","devilâ€™",2,-0.5,"#B305095B"
"750","ego",2,-0.25,"#B305092E"
"751","explosion",2,-0.6,"#B305096D"
"752","gems",2,0.6,"#03590C6D"
"753","gemsğŸ’¡",2,0.6,"#03590C6D"
"754","hog",2,-0.5,"#B305095B"
"755","infect",2,-0.8,"#B3050992"
"756","inflation",2,-0.6,"#B305096D"
"757","lumpyâ€™",2,-0.5,"#B305095B"
"758","majestic",2,0.5,"#03590C5B"
"759","optional",2,0.25,"#03590C2E"
"760","paragon",2,0.4,"#03590C49"
"761","promoter",2,0.6,"#03590C6D"
"762","promoterğŸ‚¡",2,0.6,"#03590C6D"
"763","rude",2,-0.5,"#B305095B"
"764","scapegoat",2,-1,"#B30509B6"
"765","selfish",2,-1,"#B30509B6"
"766","soulless",2,-0.5,"#B305095B"
"767","spark",2,0.1,"#03590C12"
"768","stoned",2,-0.6,"#B305096D"
"769","winğŸ‚¡",2,0.5,"#03590C5B"
"770","Â«Â artistÂ Â»",2,0.6,"#03590C6D"
"771","â€˜weird",2,-0.25,"#B305092E"
"772","abyss",2,-0.75,"#B3050989"
"773","bath",2,0.4,"#03590C49"
"774","battlefield",2,-0.6,"#B305096D"
"775","mud",2,-0.25,"#B305092E"
"776","varaÅ¾din",2,-0.25,"#B305092E"
"777","addiction",2,-1,"#B30509B6"
"778","adviser",2,0.6,"#03590C6D"
"779","allowğŸ–”ğŸ–”",2,0.25,"#03590C2E"
"780","alter",2,-0.25,"#B305092E"
"781","anarchist",2,-0.5,"#B305095B"
"782","approve",2,0.5,"#03590C5B"
"783","apt",2,0.5,"#03590C5B"
"784","artisan",2,0.6,"#03590C6D"
"785","artistğŸ–”",2,0.6,"#03590C6D"
"786","artistğŸ¦”nnnwithfnd",2,0.6,"#03590C6D"
"787","awesomeğŸ–”nfollow",2,0.6,"#03590C6D"
"788","berserk",2,-0.5,"#B305095B"
"789","bitter",2,-0.5,"#B305095B"
"790","blockedâš ï¸â›”",2,-0.4,"#B3050949"
"791","blockhead",2,-0.8,"#B3050992"
"792","blocks",2,-0.6,"#B305096D"
"793","candid",2,0.6,"#03590C6D"
"794","cellular",2,0.25,"#03590C2E"
"795","cock",2,-0.25,"#B305092E"
"796","colorful",2,0.6,"#03590C6D"
"797","complicatedğŸ–”",2,-0.5,"#B305095B"
"798","craftsman",2,0.5,"#03590C5B"
"799","creatorğŸ–”ncollectorğŸ–”ncryptoevangelistğŸ–”ncheck",2,0.6,"#03590C6D"
"800","creep",2,-0.75,"#B3050989"
"801","darkest",2,-0.6,"#B305096D"
"802","diaper",2,-0.25,"#B305092E"
"803","disclaim",2,-0.75,"#B3050989"
"804","dispel",2,-0.6,"#B305096D"
"805","drama",2,-0.25,"#B305092E"
"806","dreamğŸ–”nathletefootballerncro",2,0.25,"#03590C2E"
"807","endorsement",2,0.5,"#03590C5B"
"808","error",2,-1,"#B30509B6"
"809","evolutionğŸ–”",2,0.25,"#03590C2E"
"810","fleet",2,-0.25,"#B305092E"
"811","foolishâ€",2,-0.75,"#B3050989"
"812","freaks",2,-0.8,"#B3050992"
"813","gentleman",2,1,"#03590CB6"
"814","gloom",2,-0.75,"#B3050989"
"815","glow",2,0.25,"#03590C2E"
"816","greatnessâ€",2,0.5,"#03590C5B"
"817","heathen",2,-0.5,"#B305095B"
"818","httpstcoihupimnğŸ–”twitch",2,-0.6,"#B305096D"
"819","influenza",2,-0.5,"#B305095B"
"820","invader",2,-0.5,"#B305095B"
"821","jail",2,-0.8,"#B3050992"
"822","legal",2,0.25,"#03590C2E"
"823","loss",2,-0.75,"#B3050989"
"824","mindblowing",2,-0.25,"#B305092E"
"825","mortal",2,-0.25,"#B305092E"
"826","occult",2,-0.8,"#B3050992"
"827","outcast",2,-0.75,"#B3050989"
"828","paradox",2,-0.4,"#B3050949"
"829","plunder",2,-0.5,"#B305095B"
"830","presentâ€",2,0.25,"#03590C2E"
"831","promotionğŸ†”",2,0.5,"#03590C5B"
"832","resurrect",2,-0.25,"#B305092E"
"833","righteous",2,0.5,"#03590C5B"
"834","rockstar",2,0.6,"#03590C6D"
"835","rust",2,-0.25,"#B305092E"
"836","safeguard",2,0.6,"#03590C6D"
"837","shepherd",2,0.25,"#03590C2E"
"838","slayer",2,-0.8,"#B3050992"
"839","slug",2,-0.75,"#B3050989"
"840","smartest",2,0.5,"#03590C5B"
"841","sour",2,-0.5,"#B305095B"
"842","speech",2,0.25,"#03590C2E"
"843","spook",2,-0.5,"#B305095B"
"844","stole",2,-0.8,"#B3050992"
"845","stoner",2,-0.25,"#B305092E"
"846","stress",2,-0.75,"#B3050989"
"847","succes",2,0.6,"#03590C6D"
"848","underdog",2,-0.25,"#B305092E"
"849","universityâ€",2,0.6,"#03590C6D"
"850","upcoming",2,0.4,"#03590C49"
"851","verified",2,0.5,"#03590C5B"
"852","vicious",2,-0.75,"#B3050989"
"853","welcome",2,0.5,"#03590C5B"
"854","whip",2,-0.25,"#B305092E"
"855","wins",2,0.5,"#03590C5B"
"856","â€œboredâ€without",2,-0.5,"#B305095B"
"857","ğŸ–”soft",2,0.6,"#03590C6D"
"858","ğŸ¦”pride",2,0.25,"#03590C2E"
"859","ğŸ¦”â€â™‚ï¸magic",2,0.25,"#03590C2E"
"860","agree",2,0.5,"#03590C5B"
"861","aliveâ€",2,0.5,"#03590C5B"
"862","anger",2,-0.75,"#B3050989"
"863","appeal",2,0.6,"#03590C6D"
"864","artğŸ—¥",2,0.6,"#03590C6D"
"865","awesome",2,0.6,"#03590C6D"
"866","axe",2,-0.4,"#B3050949"
"867","backward",2,-0.5,"#B305095B"
"868","bargain",2,0.75,"#03590C89"
"869","bestğŸ—¥nnbadalnjenanmsaurabhannplantexodus",2,0.5,"#03590C5B"
"870","bias",2,-0.75,"#B3050989"
"871","bitch",2,-1,"#B30509B6"
"872","blast",2,-0.4,"#B3050949"
"873","bleed",2,-0.5,"#B305095B"
"874","bout",2,-0.6,"#B305096D"
"875","breakfast",2,0.6,"#03590C6D"
"876","brighten",2,0.5,"#03590C5B"
"877","cashback",2,0.8,"#03590C92"
"878","chance",2,0.25,"#03590C2E"
"879","cleaner",2,0.5,"#03590C5B"
"880","complement",2,0.5,"#03590C5B"
"881","consensus",2,0.6,"#03590C6D"
"882","correct",2,0.6,"#03590C6D"
"883","corrupt",2,-0.5,"#B305095B"
"884","craze",2,-0.25,"#B305092E"
"885","craziest",2,-0.25,"#B305092E"
"886","dangerous",2,-0.5,"#B305095B"
"887","defend",2,0.25,"#03590C2E"
"888","disappoint",2,-1,"#B30509B6"
"889","distort",2,-0.5,"#B305095B"
"890","easiest",2,0.8,"#03590C92"
"891","emblem",2,0.4,"#03590C49"
"892","endeavor",2,0.25,"#03590C2E"
"893","envious",2,-0.5,"#B305095B"
"894","exhaust",2,-0.5,"#B305095B"
"895","foremost",2,0.4,"#03590C49"
"896","gemğŸ—¥",2,0.5,"#03590C5B"
"897","greater",2,0.5,"#03590C5B"
"898","guardâ€¦",2,-0.25,"#B305092E"
"899","gun",2,-0.5,"#B305095B"
"900","happier",2,0.5,"#03590C5B"
"901","instruct",2,0.4,"#03590C49"
"902","lack",2,-0.75,"#B3050989"
"903","leak",2,-0.75,"#B3050989"
"904","momentum",2,0.1,"#03590C12"
"905","mosquito",2,-0.25,"#B305092E"
"906","nnğŸ—¥join",2,0.25,"#03590C2E"
"907","opportunityğŸ—¥",2,0.5,"#03590C5B"
"908","posh",2,0.6,"#03590C6D"
"909","pray",2,0.1,"#03590C12"
"910","prepared",2,0.5,"#03590C5B"
"911","professional",2,0.8,"#03590C92"
"912","quiet",2,0.25,"#03590C2E"
"913","rage",2,-1,"#B30509B6"
"914","raging",2,-0.5,"#B305095B"
"915","renown",2,0.5,"#03590C5B"
"916","saint",2,0.5,"#03590C5B"
"917","savior",2,1,"#03590CB6"
"918","scream",2,-1,"#B30509B6"
"919","seamless",2,0.6,"#03590C6D"
"920","shatter",2,-0.5,"#B305095B"
"921","sinner",2,-0.5,"#B305095B"
"922","smash",2,-0.75,"#B3050989"
"923","snag",2,-0.5,"#B305095B"
"924","snake",2,-0.25,"#B305092E"
"925","stroke",2,-0.25,"#B305092E"
"926","theft",2,-0.5,"#B305095B"
"927","thief",2,-1,"#B30509B6"
"928","toxic",2,-0.5,"#B305095B"
"929","untold",2,-0.25,"#B305092E"
"930","usersğŸ—¥nâœ…solid",2,0.25,"#03590C2E"
"931","utmost",2,0.4,"#03590C49"
"932","violence",2,-0.5,"#B305095B"
"933","virus",2,-0.5,"#B305095B"
"934","wildğŸ—¥ncheck",2,-0.25,"#B305092E"
"935","withdraw",2,-0.8,"#B3050992"
"936","wonderful",2,0.75,"#03590C89"
"937","worthless",2,-1,"#B30509B6"
"938","wrath",2,-0.5,"#B305095B"
"939","â€œnice",2,0.5,"#03590C5B"
"940","â€¦free",2,0.5,"#03590C5B"
"941","âš¡ï¸new",2,0.8,"#03590C92"
"942","ğŸ‡¥nğŸ‡¥arcade",2,0.6,"#03590C6D"
"943","ğŸ‡¥thank",2,0.5,"#03590C5B"
"944","ğŸ—¥thank",2,0.5,"#03590C5B"
"945","ğŸ—¥win",2,0.5,"#03590C5B"
"946","ğŸ—¥ğŸ—¥burn",2,-0.4,"#B3050949"
"947","ğŸ—¥ğŸ—¥ğŸ—¥limit",2,-0.25,"#B305092E"
"948","ğŸ§¥thank",2,0.5,"#03590C5B"
"949","ğŸ§¥ğŸ§¥ğŸ—¥ğŸ—¥ğŸ—¥ğŸ—¥nğŸ—¥ğŸ—¥new",2,0.8,"#03590C92"
"950","superman",2,0.8,"#03590C92"
"951","accountant",1,-0.25,"#B305092E"
"952","artistã€‘",1,0.6,"#03590C6D"
"953","artistğŸ‚¡",1,0.6,"#03590C6D"
"954","artÎ¾st",1,0.6,"#03590C6D"
"955","artğŸ‚¡ğŸ‚¡",1,0.6,"#03590C6D"
"956","assure",1,0.8,"#03590C92"
"957","babyğŸ‚¡",1,0.6,"#03590C6D"
"958","beg",1,-0.75,"#B3050989"
"959","bland",1,-0.5,"#B305095B"
"960","bloodshot",1,-0.8,"#B3050992"
"961","bored",1,-0.5,"#B305095B"
"962","bother",1,-0.75,"#B3050989"
"963","butler",1,0.4,"#03590C49"
"964","council",1,0.4,"#03590C49"
"965","cryptÏ†nacci",1,-0.8,"#B3050992"
"966","cryptâ­•ï¸mi",1,-0.8,"#B3050992"
"967","deadbeat",1,-1,"#B30509B6"
"968","dragoon",1,-0.25,"#B305092E"
"969","dÎ¾cryptâ‚¬r",1,-0.8,"#B3050992"
"970","forbid",1,-0.75,"#B3050989"
"971","foresight",1,0.5,"#03590C5B"
"972","glee",1,0.75,"#03590C89"
"973","hoarding",1,-0.6,"#B305096D"
"974","hoodlum",1,-0.25,"#B305092E"
"975","immortal",1,0.1,"#03590C12"
"976","jewel",1,0.6,"#03590C6D"
"977","lighter",1,0.4,"#03590C49"
"978","mafiaâ„¢",1,-0.8,"#B3050992"
"979","nag",1,-0.75,"#B3050989"
"980","nameless",1,-0.25,"#B305092E"
"981","ramÃ³n",1,-0.25,"#B305092E"
"982","rash",1,-1,"#B30509B6"
"983","singğŸ’¡",1,0.6,"#03590C6D"
"984","sleepless",1,-1,"#B30509B6"
"985","thug",1,-0.5,"#B305095B"
"986","toothless",1,-0.6,"#B305096D"
"987","unstoppable",1,-0.25,"#B305092E"
"988","warpâ”‚nft",1,-0.25,"#B305092E"
"989","winsğŸ’¡",1,0.5,"#03590C5B"
"990","winï¸âƒ£ï¸âƒ£ğŸ‚¡",1,0.5,"#03590C5B"
"991","winğŸ’¡",1,0.5,"#03590C5B"
"992","wolfÃ©",1,-0.25,"#B305092E"
"993","designerâ€™",1,0.6,"#03590C6D"
"994","lag",1,-0.75,"#B3050989"
"995","absent",1,-0.6,"#B305096D"
"996","absurd",1,-0.75,"#B3050989"
"997","activeğŸ–”",1,0.25,"#03590C2E"
"998","activeğŸ–”ğŸ–”",1,0.25,"#03590C2E"
"999","addictâ›ï¸ğŸ†”",1,-1,"#B30509B6"
"1000","adventures",1,0.25,"#03590C2E"
"1001","alertğŸ–”nreward",1,-0.25,"#B305092E"
"1002","aloneğŸ–”ğŸ†”",1,-0.6,"#B305096D"
"1003","antagonist",1,-0.75,"#B3050989"
"1004","ardent",1,0.75,"#03590C89"
"1005","artistic",1,0.6,"#03590C6D"
"1006","artistâ™¥ï¸ğŸ¦”ğŸ–”ğŸ¦”â¤ï¸nâ¤ï¸httpstcovtrojhjqnâ¤ï¸httpstcopuyopanubnâ¤ï¸httpstcogbsm",1,0.6,"#03590C6D"
"1007","artistâš¡ï¸work",1,0.85,"#03590C9B"
"1008","artistâœ¨",1,0.6,"#03590C6D"
"1009","artistï½œnft",1,0.6,"#03590C6D"
"1010","artistğŸ†”nğŸ–”",1,0.6,"#03590C6D"
"1011","artistğŸ†”âšœnâ€œif",1,0.6,"#03590C6D"
"1012","artistğŸ†”âœ",1,0.6,"#03590C6D"
"1013","artistğŸ†”ğŸ–”ï¸nphotograph",1,0.6,"#03590C6D"
"1014","artistğŸ¦”ğŸ–”",1,0.6,"#03590C6D"
"1015","artğŸ†”nnhttpstcoewiyhfwff",1,0.6,"#03590C6D"
"1016","artğŸ†”nğŸ–”common",1,0.6,"#03590C6D"
"1017","artğŸ†”ğŸ†”",1,0.6,"#03590C6D"
"1018","artğŸ–”ï¸cvrsed",1,0.6,"#03590C6D"
"1019","ash",1,-0.4,"#B3050949"
"1020","assassin",1,-0.5,"#B305095B"
"1021","assets",1,0.5,"#03590C5B"
"1022","athletic",1,0.5,"#03590C5B"
"1023","attorney",1,-0.25,"#B305092E"
"1024","avenger",1,0.25,"#03590C2E"
"1025","badğŸ–”",1,-0.75,"#B3050989"
"1026","bash",1,-0.6,"#B305096D"
"1027","beauty",1,0.5,"#03590C5B"
"1028","beholden",1,-0.4,"#B3050949"
"1029","believer",1,0.6,"#03590C6D"
"1030","bestã€½ï¸",1,0.5,"#03590C5B"
"1031","betray",1,-0.75,"#B3050989"
"1032","blackout",1,-0.25,"#B305092E"
"1033","blessingsğŸ–”",1,0.5,"#03590C5B"
"1034","blur",1,-0.5,"#B305095B"
"1035","boredom",1,-0.5,"#B305095B"
"1036","boyğŸ¦”",1,0.25,"#03590C2E"
"1037","building",1,0.1,"#03590C12"
"1038","burned",1,-0.6,"#B305096D"
"1039","burnğŸ–”",1,-0.4,"#B3050949"
"1040","butt",1,-0.25,"#B305092E"
"1041","cancel",1,-0.75,"#B3050989"
"1042","carnal",1,-0.4,"#B3050949"
"1043","chairman",1,0.25,"#03590C2E"
"1044","champ",1,1,"#03590CB6"
"1045","charitesğŸ–”join",1,0.25,"#03590C2E"
"1046","chop",1,-0.25,"#B305092E"
"1047","chronic",1,-0.5,"#B305095B"
"1048","clash",1,-0.75,"#B3050989"
"1049","claw",1,-0.6,"#B305096D"
"1050","clever",1,0.75,"#03590C89"
"1051","comfort",1,0.75,"#03590C89"
"1052","communityğŸ¦”ğŸ–”ğŸ–”ğŸ¦”ğŸ–”nmintingsoon",1,0.6,"#03590C6D"
"1053","conceal",1,-0.6,"#B305096D"
"1054","contentğŸ–”ğŸ†”",1,0.6,"#03590C6D"
"1055","contradict",1,-0.5,"#B305095B"
"1056","coolğŸ–”ğŸ–”",1,0.75,"#03590C89"
"1057","cough",1,-0.8,"#B3050992"
"1058","counsel",1,0.4,"#03590C49"
"1059","creatorğŸ¦”",1,0.6,"#03590C6D"
"1060","cryptÏ†rat",1,-1.3,"#B30509ED"
"1061","cultureâ€™",1,0.6,"#03590C6D"
"1062","cultureğŸ¦”",1,0.6,"#03590C6D"
"1063","curriculum",1,-0.25,"#B305092E"
"1064","daemon",1,-0.25,"#B305092E"
"1065","democracyğŸ†”ğŸ†”ğŸ†”ğŸ†”ğŸ†”ğŸ†”",1,0.4,"#03590C49"
"1066","designerâ€¢",1,0.6,"#03590C6D"
"1067","designerâ€¦",1,0.6,"#03590C6D"
"1068","designerâ€¼ï¸",1,0.6,"#03590C6D"
"1069","designerğŸ†”",1,0.6,"#03590C6D"
"1070","designerğŸ–”ï¸web",1,0.6,"#03590C6D"
"1071","developerğŸ†”mus",1,-0.25,"#B305092E"
"1072","dhhnğŸ–”join",1,0.25,"#03590C2E"
"1073","diet",1,-0.25,"#B305092E"
"1074","disappear",1,-0.6,"#B305096D"
"1075","discordâ¡",1,-0.75,"#B3050989"
"1076","discordğŸ–”",1,-0.75,"#B3050989"
"1077","discordğŸ¦”httpstcootxucyen",1,-0.75,"#B3050989"
"1078","disgust",1,-1,"#B30509B6"
"1079","dreams",1,0.25,"#03590C2E"
"1080","drown",1,-0.5,"#B305095B"
"1081","drunk",1,-0.5,"#B305095B"
"1082","dustğŸ†”",1,-0.5,"#B305095B"
"1083","enjoyğŸ†”",1,0.75,"#03590C89"
"1084","enthusiastğŸ–”nhey",1,0.5,"#03590C5B"
"1085","err",1,-0.5,"#B305095B"
"1086","favorâ€",1,0.6,"#03590C6D"
"1087","feeğŸ–”",1,-0.6,"#B305096D"
"1088","fiend",1,-0.5,"#B305095B"
"1089","flyingğŸ–”",1,0.1,"#03590C12"
"1090","foundationÂ i",1,0.4,"#03590C49"
"1091","freeâ›½ï¸âŒ",1,0.5,"#03590C5B"
"1092","freeğŸ†”ğŸ†”",1,0.5,"#03590C5B"
"1093","funğŸ–”",1,0.75,"#03590C89"
"1094","funğŸ–”ğŸ¦”",1,0.75,"#03590C89"
"1095","fuse",1,-0.25,"#B305092E"
"1096","fÄ±rat",1,-0.5,"#B305095B"
"1097","gangğŸ–”join",1,-0.55,"#B3050964"
"1098","generation",1,0.4,"#03590C49"
"1099","generationğŸ¦”ğŸ†”â€â™‚ï¸",1,0.4,"#03590C49"
"1100","geniusâ€",1,0.5,"#03590C5B"
"1101","gimmick",1,-0.4,"#B3050949"
"1102","gladden",1,1,"#03590CB6"
"1103","glitchğŸ–”deathpunkğŸ–”",1,-0.5,"#B305095B"
"1104","goodsğŸ–”ğŸ†”",1,0.6,"#03590C6D"
"1105","gooey",1,-0.25,"#B305092E"
"1106","greatğŸ–”",1,0.5,"#03590C5B"
"1107","happinessğŸ–”ğŸ–”",1,0.75,"#03590C89"
"1108","happy",1,0.75,"#03590C89"
"1109","harvest",1,0.6,"#03590C6D"
"1110","heartbroken",1,-0.5,"#B305095B"
"1111","httpstcogbcplzrjnâ—join",1,0.25,"#03590C2E"
"1112","hug",1,0.75,"#03590C89"
"1113","humour",1,0.5,"#03590C5B"
"1114","hustler",1,-0.5,"#B305095B"
"1115","ignore",1,-0.75,"#B3050989"
"1116","illness",1,-0.75,"#B3050989"
"1117","illnessğŸ–”",1,-0.75,"#B3050989"
"1118","illusion",1,-0.25,"#B305092E"
"1119","impeccable",1,0.5,"#03590C5B"
"1120","imperfect",1,-0.5,"#B305095B"
"1121","impression",1,0.1,"#03590C12"
"1122","include",1,0.6,"#03590C6D"
"1123","inept",1,-0.5,"#B305095B"
"1124","infected",1,-0.75,"#B3050989"
"1125","influential",1,1,"#03590CB6"
"1126","inspector",1,0.25,"#03590C2E"
"1127","intelligenceâ€¢the",1,0.5,"#03590C5B"
"1128","ire",1,-0.5,"#B305095B"
"1129","ironic",1,-0.25,"#B305092E"
"1130","laughter",1,0.8,"#03590C92"
"1131","launchedğŸ¦”",1,0.25,"#03590C2E"
"1132","levelğŸ–”nnfloor",1,0.4,"#03590C49"
"1133","lier",1,-0.8,"#B3050992"
"1134","losingğŸ–”ğŸ–”nkeep",1,-0.75,"#B3050989"
"1135","loverâ€¢akwaibomiteâ€¢hseğŸ–”â€¢investorğŸ–”",1,0.5,"#03590C5B"
"1136","loverâ™¥ï¸nğŸ–”architectur",1,0.5,"#03590C5B"
"1137","loverğŸ–”",1,0.5,"#03590C5B"
"1138","loverğŸ–”ğŸ–”",1,0.5,"#03590C5B"
"1139","loveğŸ†”â˜®ï¸",1,0.75,"#03590C89"
"1140","lowcost",1,0.8,"#03590C92"
"1141","luckiest",1,1,"#03590CB6"
"1142","magnet",1,0.4,"#03590C49"
"1143","management",1,0.4,"#03590C49"
"1144","mania",1,-0.5,"#B305095B"
"1145","maniacğŸ¦”ğŸ¦”ğŸ¦”",1,-0.5,"#B305095B"
"1146","mire",1,-0.5,"#B305095B"
"1147","modest",1,0.75,"#03590C89"
"1148","moneyğŸ–”",1,0.6,"#03590C6D"
"1149","moneyğŸ–”âœ¨",1,0.6,"#03590C6D"
"1150","moral",1,0.1,"#03590C12"
"1151","muscular",1,0.6,"#03590C6D"
"1152","nftğŸ–”nğŸ†”hope",1,0.5,"#03590C5B"
"1153","nnğŸ–”new",1,0.8,"#03590C92"
"1154","nğŸ–”join",1,0.25,"#03590C2E"
"1155","offend",1,-0.75,"#B3050989"
"1156","outreach",1,-0.25,"#B305092E"
"1157","overload",1,-0.5,"#B305095B"
"1158","panic",1,-0.8,"#B3050992"
"1159","passionğŸ–”nw",1,0.5,"#03590C5B"
"1160","patientğŸ¦”chill",1,0.4,"#03590C49"
"1161","patter",1,-0.25,"#B305092E"
"1162","perish",1,-0.5,"#B305095B"
"1163","perplex",1,-0.8,"#B3050992"
"1164","playgroundâ€",1,0.5,"#03590C5B"
"1165","poison",1,-0.75,"#B3050989"
"1166","premier",1,0.5,"#03590C5B"
"1167","presentğŸ–”ğŸ–”â™Šâœ¡ï¸ğŸ–”ï¸â˜¯",1,0.25,"#03590C2E"
"1168","producer",1,0.4,"#03590C49"
"1169","promoterâš¡grow",1,1.4,"#03590CFF"
"1170","promoterğŸ¦”ğŸ†”ğŸ–”nnft",1,0.6,"#03590C6D"
"1171","protectionğŸ†”",1,0.8,"#03590C92"
"1172","provoke",1,-0.5,"#B305095B"
"1173","psycho",1,-1,"#B30509B6"
"1174","punctual",1,0.5,"#03590C5B"
"1175","pursuit",1,-0.4,"#B3050949"
"1176","realitynâ—knownoriginâ—foundationâ—raribleâ—terravirtuaâ—ghostmarketâ—nhttpstcommfkakvmk",1,0.4,"#03590C49"
"1177","rebellion",1,-0.6,"#B305096D"
"1178","rebuildã€ã‚»ã‚­ãƒ¥ãƒªãƒ†ã‚£ã®ã‚¢ãƒ¬ã€mozaicã€turingcompleteã€misread",1,-0.75,"#B3050989"
"1179","refuge",1,1,"#03590CB6"
"1180","resign",1,-0.5,"#B305095B"
"1181","reunion",1,0.8,"#03590C92"
"1182","riot",1,-0.5,"#B305095B"
"1183","riskï¼Œget",1,-0.75,"#B3050989"
"1184","rot",1,-0.5,"#B305095B"
"1185","rout",1,-0.4,"#B3050949"
"1186","sarcasm",1,-0.5,"#B305095B"
"1187","scar",1,-0.5,"#B305095B"
"1188","scum",1,-0.5,"#B305095B"
"1189","sexyğŸ†”nhttpstcomveuxoetcnncr",1,0.75,"#03590C89"
"1190","slimã‚·ãƒªãƒ¼ã‚º",1,0.6,"#03590C6D"
"1191","smilesğŸ–”",1,0.5,"#03590C5B"
"1192","socialist",1,-0.25,"#B305092E"
"1193","soonnnğŸ–”join",1,0.25,"#03590C2E"
"1194","sorrow",1,-1,"#B30509B6"
"1195","stalk",1,-0.8,"#B3050992"
"1196","stalkerâœ¨nmi",1,-1,"#B30509B6"
"1197","strife",1,-0.5,"#B305095B"
"1198","succeedğŸ–”",1,0.5,"#03590C5B"
"1199","technologyğŸ–”â¤ndo",1,0.1,"#03590C12"
"1200","tedious",1,-0.5,"#B305095B"
"1201","terror",1,-1,"#B30509B6"
"1202","thinkerâ€¢errand",1,0.1,"#03590C12"
"1203","thriller",1,0.1,"#03590C12"
"1204","tourÃ©guide",1,0.6,"#03590C6D"
"1205","travail",1,-0.4,"#B3050949"
"1206","treatment",1,-0.25,"#B305092E"
"1207","uncertain",1,-0.75,"#B3050989"
"1208","unclear",1,-0.5,"#B305095B"
"1209","uniqueâ“nâƒ£",1,0.6,"#03590C6D"
"1210","valor",1,0.5,"#03590C5B"
"1211","vital",1,0.4,"#03590C49"
"1212","vogue",1,0.6,"#03590C6D"
"1213","vulgar",1,-0.5,"#B305095B"
"1214","warden",1,-0.4,"#B3050949"
"1215","warsğŸ¦”",1,-1,"#B30509B6"
"1216","waxğŸ¦”art",1,0.6,"#03590C6D"
"1217","weedğŸ–”",1,-0.25,"#B305092E"
"1218","weirdâœŒï¸ğŸ¦”",1,-0.25,"#B305092E"
"1219","winğŸ¦”âœ¨",1,0.5,"#03590C5B"
"1220","workğŸ†”",1,0.25,"#03590C2E"
"1221","writingğŸ–”tarotğŸ–”supporterâ¤ï¸",1,0.75,"#03590C89"
"1222","yelp",1,-0.8,"#B3050992"
"1223","Ã¢mÃ¢liâ€™lmÃ¼slimÃ®n",1,0.6,"#03590C6D"
"1224","â€œpain",1,-0.75,"#B3050989"
"1225","â€¢artist",1,0.6,"#03590C6D"
"1226","â™ ï¸artistâ™ ï¸nâ™¥ï¸collag",1,0.6,"#03590C6D"
"1227","âš¡ï¸artist",1,0.6,"#03590C6D"
"1228","âš¡ï¸youth",1,0.4,"#03590C49"
"1229","âœ¨ancient",1,0.25,"#03590C2E"
"1230","âœ¨queerâœ¨",1,-0.25,"#B305092E"
"1231","â¤ï¸thank",1,0.5,"#03590C5B"
"1232","ï¼Œaccept",1,1,"#03590CB6"
"1233","ğŸ†”artist",1,0.6,"#03590C6D"
"1234","ğŸ†”artistâœğŸ†”author",1,0.6,"#03590C6D"
"1235","ğŸ†”cheers",1,1,"#03590CB6"
"1236","ğŸ†”ğŸ†”artist",1,0.6,"#03590C6D"
"1237","ğŸ–”big",1,0.25,"#03590C2E"
"1238","ğŸ–”heal",1,0.75,"#03590C89"
"1239","ğŸ–”launch",1,-0.1,"#B3050912"
"1240","ğŸ–”new",1,0.8,"#03590C92"
"1241","ğŸ–”prophet",1,0.6,"#03590C6D"
"1242","ğŸ–”â€ğŸ†”artist",1,0.6,"#03590C6D"
"1243","ğŸ–”ğŸ†”art",1,0.6,"#03590C6D"
"1244","ğŸ–”ğŸ†”discord",1,-0.75,"#B3050989"
"1245","ğŸ–”ğŸ–”crypt",1,-0.8,"#B3050992"
"1246","ğŸ–”ğŸ–”wealth",1,0.5,"#03590C5B"
"1247","ğŸ–”ğŸ–”ğŸ–”ğŸ–”ğŸ–”ğŸ–”ğŸ–”ğŸ–”ğŸ–”ğŸ–”ğŸ–”ğŸ–”ğŸ–”ğŸ–”ğŸ–”ğŸ–”ğŸ–”ğŸ–”ğŸ–”ğŸ–”ğŸ–”ğŸ–”ğŸ–”ğŸ–”ğŸ–”ğŸ–”ğŸ–”ğŸ–”ğŸ–”ğŸ–”ğŸ–”ğŸ–”ğŸ–”ğŸ–”ğŸ–”ğŸ–”ğŸ–”ğŸ–”ğŸ–”ğŸ–”ğŸ–”ğŸ–”ğŸ–”ğŸ–”ğŸ–”ğŸ–”ğŸ–”ğŸ–”ğŸ–”ğŸ–”ğŸ–”good",1,0.75,"#03590C89"
"1248","ğŸ¦”cakeâ€¢gang",1,-0.8,"#B3050992"
"1249","abilitiesğŸ‡¥nnthey",1,0.6,"#03590C6D"
"1250","aboard",1,0.25,"#03590C2E"
"1251","abound",1,0.25,"#03590C2E"
"1252","admit",1,0.6,"#03590C6D"
"1253","adventureğŸ—¥nnhttpstcoxvzkgtvtnnnftcommu",1,0.5,"#03590C5B"
"1254","agreement",1,0.5,"#03590C5B"
"1255","agreeğŸ§¥babydog",1,0.5,"#03590C5B"
"1256","aid",1,1,"#03590CB6"
"1257","alarm",1,-0.75,"#B3050989"
"1258","alertâš¡ï¸nnveveoffici",1,-0.25,"#B305092E"
"1259","alertâ¤ï¸â€ğŸ—¥â¤ï¸â€ğŸ—¥",1,-0.25,"#B305092E"
"1260","amazingğŸ—¥nsolid",1,0.5,"#03590C5B"
"1261","angst",1,-1,"#B30509B6"
"1262","announcementğŸ—¥nnâ±ï¸join",1,0.25,"#03590C2E"
"1263","anxious",1,-0.75,"#B3050989"
"1264","arrest",1,-0.5,"#B305095B"
"1265","artistâ€™",1,0.6,"#03590C6D"
"1266","artworkâ€¦im",1,0.6,"#03590C6D"
"1267","artğŸ—¥â€ğŸ‡¥nnpleas",1,0.6,"#03590C6D"
"1268","artğŸ—¥â ncreat",1,0.6,"#03590C6D"
"1269","artğŸ—¥ğŸ—¥ï¸",1,0.6,"#03590C6D"
"1270","assault",1,-0.75,"#B3050989"
"1271","astonish",1,0.25,"#03590C2E"
"1272","attentionâ€",1,0.25,"#03590C2E"
"1273","awayâ€¼ï¸nâœŠğŸ—¥join",1,0.25,"#03590C2E"
"1274","awkward",1,-0.5,"#B305095B"
"1275","babyâ€™",1,0.6,"#03590C6D"
"1276","badassğŸ—¥ğŸ§¥â€¼ï¸ncheck",1,0.4,"#03590C49"
"1277","barrier",1,-0.5,"#B305095B"
"1278","beaten",1,-1,"#B30509B6"
"1279","beautifulâ€ğŸ—¥â¤ï¸â€ğŸ—¥ğŸ§¥ğŸ‡¥nnft",1,0.75,"#03590C89"
"1280","beautifulâ¤ï¸ğŸ—¥ğŸ—¥",1,0.75,"#03590C89"
"1281","beautifulğŸ—¥nnnft",1,0.75,"#03590C89"
"1282","benefactor",1,0.75,"#03590C89"
"1283","bestğŸ—¥ğŸ—¥",1,0.5,"#03590C5B"
"1284","bestğŸ—¥ğŸ—¥nalbatronnitikesnsandeepnnd",1,0.5,"#03590C5B"
"1285","bigtonyhugennâš¡ï¸join",1,0.25,"#03590C2E"
"1286","birthdayâ˜¹ni",1,0.8,"#03590C92"
"1287","blackâ€¦nhow",1,-0.25,"#B305092E"
"1288","blaze",1,-0.25,"#B305092E"
"1289","blockğŸ—¥nnnft",1,-0.4,"#B3050949"
"1290","botch",1,-1,"#B30509B6"
"1291","bouquet",1,0.8,"#03590C92"
"1292","brainsğŸ§¥nnnğŸ—¥",1,0.6,"#03590C6D"
"1293","breach",1,-0.75,"#B3050989"
"1294","breaking",1,-0.6,"#B305096D"
"1295","brightest",1,0.75,"#03590C89"
"1296","brotherhood",1,1,"#03590CB6"
"1297","bulletproof",1,0.5,"#03590C5B"
"1298","bullishğŸ—¥nğŸ—¥lotteri",1,-0.8,"#B3050992"
"1299","cage",1,-0.6,"#B305096D"
"1300","cardgameÂ hero",1,0.75,"#03590C89"
"1301","chanceâš ï¸nnft",1,0.25,"#03590C2E"
"1302","chanceğŸ§¥nndon",1,0.25,"#03590C2E"
"1303","chanceğŸ§¥nnhow",1,0.25,"#03590C2E"
"1304","chaotic",1,-0.75,"#B3050989"
"1305","cherish",1,0.75,"#03590C89"
"1306","chorus",1,0.25,"#03590C2E"
"1307","coexist",1,0.8,"#03590C92"
"1308","comenğŸ§¥hug",1,0.75,"#03590C89"
"1309","commend",1,0.75,"#03590C89"
"1310","communityâ˜â˜",1,0.6,"#03590C6D"
"1311","communityâ—ï¸ndiscord",1,0.6,"#03590C6D"
"1312","communityğŸ—¥",1,0.6,"#03590C6D"
"1313","communityğŸ—¥nnto",1,0.6,"#03590C6D"
"1314","communityğŸ—¥ğŸ—¥",1,0.6,"#03590C6D"
"1315","communityğŸ—¥ğŸ—¥nnaburai",1,0.6,"#03590C6D"
"1316","communityğŸ§¥neth",1,0.6,"#03590C6D"
"1317","communityğŸ§¥nrahman",1,0.6,"#03590C6D"
"1318","complaint",1,-0.75,"#B3050989"
"1319","completedâœ”ï¸nğŸ—¥friendğŸ‡¥ï¸",1,0.8,"#03590C92"
"1320","conceptÂ ",1,0.4,"#03590C49"
"1321","convict",1,-0.8,"#B3050992"
"1322","coolğŸ—¥ğŸ—¥ğŸ—¥nnft",1,0.75,"#03590C89"
"1323","copycat",1,-0.8,"#B3050992"
"1324","crap",1,-0.75,"#B3050989"
"1325","crave",1,-0.25,"#B305092E"
"1326","crazyğŸ—¥ğŸ—¥nnto",1,-0.75,"#B3050989"
"1327","creativityğŸ—¥",1,1,"#03590CB6"
"1328","curiosityâ€¦",1,0.5,"#03590C5B"
"1329","daonï¸âƒ£illuminati",1,-0.8,"#B3050992"
"1330","darker",1,-0.6,"#B305096D"
"1331","dawn",1,0.5,"#03590C5B"
"1332","dedicated",1,0.5,"#03590C5B"
"1333","demonğŸ—¥nnh",1,-0.5,"#B305095B"
"1334","desirable",1,0.75,"#03590C89"
"1335","disbelief",1,-0.5,"#B305095B"
"1336","discordâ€¼nth",1,-0.75,"#B3050989"
"1337","discordâ—ï¸",1,-0.75,"#B3050989"
"1338","discordğŸ—¥httpstcolevietnâ¡say",1,-0.75,"#B3050989"
"1339","distract",1,-0.75,"#B3050989"
"1340","disturb",1,-0.5,"#B305095B"
"1341","doom",1,-0.75,"#B3050989"
"1342","downnnğŸ—¥alien",1,-0.6,"#B305096D"
"1343","dread",1,-0.75,"#B3050989"
"1344","dreamsÂ»",1,0.25,"#03590C2E"
"1345","dreamâ€",1,0.25,"#03590C2E"
"1346","dropout",1,-0.25,"#B305092E"
"1347","elder",1,0.4,"#03590C49"
"1348","emptyâ€¦",1,-0.25,"#B305092E"
"1349","enchant",1,0.5,"#03590C5B"
"1350","enemyğŸ—¥nnnft",1,-1,"#B30509B6"
"1351","enjoyâœ¨ğŸ‡¥âœ¨ğŸ—¥ğŸ‡¥",1,0.75,"#03590C89"
"1352","enjoyğŸ—¥",1,0.75,"#03590C89"
"1353","ensure",1,0.8,"#03590C92"
"1354","essential",1,0.6,"#03590C6D"
"1355","esteem",1,0.6,"#03590C6D"
"1356","excitedğŸ—¥ğŸ—¥nnğŸ‡¥current",1,0.75,"#03590C89"
"1357","excitementğŸ‡¥ğŸ‡¥nnâŒ›ï¸within",1,1,"#03590CB6"
"1358","exile",1,-0.5,"#B305095B"
"1359","fairğŸ—¥nnkao",1,0.75,"#03590C89"
"1360","fallow",1,-0.6,"#B305096D"
"1361","famousâ€¼ï¸nneth",1,0.5,"#03590C5B"
"1362","fans",1,0.6,"#03590C6D"
"1363","fantasticğŸ§¥ğŸ—¥nnloudmarketnft",1,0.75,"#03590C89"
"1364","fate",1,-0.25,"#B305092E"
"1365","fatherhood",1,0.6,"#03590C6D"
"1366","favoritesâ€”",1,0.8,"#03590C92"
"1367","fearless",1,1,"#03590CB6"
"1368","feeâ€™snnbuy",1,-0.6,"#B305096D"
"1369","feeâš¡ï¸nnhttpstcogrikwyxnnğŸ—¥thank",1,-0.1,"#B3050912"
"1370","fellowship",1,0.8,"#03590C92"
"1371","fireâ€nacrylicpour",1,-0.25,"#B305092E"
"1372","fireğŸ—¥njoin",1,-0.25,"#B305092E"
"1373","firstnâš ï¸avoid",1,-0.5,"#B305095B"
"1374","flawless",1,0.6,"#03590C6D"
"1375","followersğŸ‡¥nnğŸ‡¥thank",1,0.5,"#03590C5B"
"1376","followÂ cpjgnï¸âƒ£like",1,0.5,"#03590C5B"
"1377","fortune",1,0.5,"#03590C5B"
"1378","fraud",1,-0.75,"#B3050989"
"1379","freeâ€¦",1,0.5,"#03590C5B"
"1380","friendship",1,0.5,"#03590C5B"
"1381","friendâ€¦ğŸ§¥ğŸ§¥nnnft",1,0.8,"#03590C92"
"1382","frighten",1,-0.75,"#B3050989"
"1383","fruition",1,0.25,"#03590C2E"
"1384","funğŸ—¥nnnft",1,0.75,"#03590C89"
"1385","furious",1,-1,"#B30509B6"
"1386","gateplayÂ endeavorÂ seemsÂ Â Â Â Â growthÂ planÂ nandÂ willÂ Â likelyÂ Â Â topÂ firmÂ Â Â comingÂ Â nyearsÂ ngateplayplatform",1,0.75,"#03590C89"
"1387","gemâ€™",1,0.5,"#03590C5B"
"1388","geniusğŸ—¥",1,0.5,"#03590C5B"
"1389","giftğŸ§¥nn",1,0.5,"#03590C5B"
"1390","giving",1,0.25,"#03590C2E"
"1391","glitter",1,0.6,"#03590C6D"
"1392","glorious",1,0.5,"#03590C5B"
"1393","goingğŸ—¥ğŸ—¥great",1,0.5,"#03590C5B"
"1394","goldâœ¨",1,0.5,"#03590C5B"
"1395","goldğŸ—¥ğŸ—¥ğŸ—¥nnbi",1,0.5,"#03590C5B"
"1396","goodğŸ—¥",1,0.75,"#03590C89"
"1397","gooâœŒğŸ‡¥ğŸ‡¥nnbuffyourbodyndzeybek",1,-0.25,"#B305092E"
"1398","grave",1,-0.5,"#B305095B"
"1399","grimm",1,-0.6,"#B305096D"
"1400","grinding",1,-0.5,"#B305095B"
"1401","gross",1,-1,"#B30509B6"
"1402","groundwork",1,0.4,"#03590C49"
"1403","growingğŸ—¥ğŸ—¥ğŸ§¥",1,0.8,"#03590C92"
"1404","growthğŸ—¥naktherlabibanvubaolongndtvbipxmyjmeinktumkhxbywukrzhhwrlkijqegntgmtmnhyuzccnairdrop",1,0.5,"#03590C5B"
"1405","growthğŸ—¥ncnft",1,0.5,"#03590C5B"
"1406","growğŸ—¥nn",1,0.8,"#03590C92"
"1407","grumpyğŸ—¥",1,-0.5,"#B305095B"
"1408","guilt",1,-1,"#B30509B6"
"1409","habitat",1,0.6,"#03590C6D"
"1410","hardship",1,-0.75,"#B3050989"
"1411","harm",1,-0.75,"#B3050989"
"1412","healthyâ€™",1,0.75,"#03590C89"
"1413","heck",1,-0.25,"#B305092E"
"1414","honored",1,1,"#03590CB6"
"1415","hotğŸ—¥naungchan",1,-0.25,"#B305092E"
"1416","household",1,0.6,"#03590C6D"
"1417","httpstcoemccjpusimnğŸ§¥discord",1,-0.75,"#B3050989"
"1418","httpstcoobglqguamnâœ¨new",1,0.8,"#03590C92"
"1419","httpstcopbctgjgswnnğŸ—¥new",1,0.8,"#03590C92"
"1420","httpstcotepyxefqnnğŸ—¥adopt",1,0.5,"#03590C5B"
"1421","httpstcovozkmptjoannğŸ—¥win",1,0.5,"#03590C5B"
"1422","humorâ€¦nnnftart",1,0.5,"#03590C5B"
"1423","hunting",1,-0.25,"#B305092E"
"1424","huntingâ—ï¸nnpolygonnft",1,-0.25,"#B305092E"
"1425","hurt",1,-0.75,"#B3050989"
"1426","hypeâ€",1,-0.5,"#B305095B"
"1427","idol",1,0.25,"#03590C2E"
"1428","ignored",1,-0.6,"#B305096D"
"1429","important",1,0.75,"#03590C89"
"1430","importantğŸ§¥nnhttpstcodxjszkgwnnnftcommun",1,0.75,"#03590C89"
"1431","imposter",1,-0.8,"#B3050992"
"1432","incase",1,-0.25,"#B305092E"
"1433","increasedâ—nnwinn",1,0.5,"#03590C5B"
"1434","insane",1,-0.75,"#B3050989"
"1435","intelligenceğŸ—¥ğŸ—¥â nâ nnft",1,0.5,"#03590C5B"
"1436","interestingï¼ntomleenlioubochennifinishnnxceafacceccfdbennairdrop",1,0.75,"#03590C89"
"1437","interestingï¼ntomleenlioubochennifinishnxacbaffffbacadaabaadbfannairdrop",1,0.75,"#03590C89"
"1438","jackpot",1,1,"#03590CB6"
"1439","jargon",1,-0.4,"#B3050949"
"1440","junk",1,-0.5,"#B305095B"
"1441","keen",1,0.5,"#03590C5B"
"1442","kinder",1,0.6,"#03590C6D"
"1443","kingâ€",1,0.1,"#03590C12"
"1444","knowledge",1,0.6,"#03590C6D"
"1445","lateâ—ï¸ğŸ—¥",1,-0.25,"#B305092E"
"1446","lateğŸ—¥nnğŸ—¥bui",1,-0.25,"#B305092E"
"1447","lateğŸ—¥ğŸ—¥nburgerito",1,-0.25,"#B305092E"
"1448","launchğŸ—¥nâœ…doxx",1,-0.1,"#B3050912"
"1449","lawless",1,-1,"#B30509B6"
"1450","liar",1,-1,"#B30509B6"
"1451","libertyğŸ—¥",1,0.5,"#03590C5B"
"1452","libraryğŸ—¥",1,0.6,"#03590C6D"
"1453","lighten",1,0.25,"#03590C2E"
"1454","likenï¸âƒ£join",1,0.25,"#03590C2E"
"1455","likeğŸ—¥nâš”ï¸nft",1,0.5,"#03590C5B"
"1456","linchpin",1,-0.25,"#B305092E"
"1457","lonelyâ€¦",1,-0.75,"#B3050989"
"1458","loudâ€nnavailabl",1,-0.25,"#B305092E"
"1459","loveâ¤ï¸",1,0.75,"#03590C89"
"1460","loveğŸ‡¥nsuperbabyap",1,0.75,"#03590C89"
"1461","loveğŸ—¥nhelp",1,0.75,"#03590C89"
"1462","luckyğŸ—¥nenarevers",1,0.75,"#03590C89"
"1463","luckâ£ï¸â¤ï¸nashikra",1,0.75,"#03590C89"
"1464","luckğŸ‡¥",1,0.75,"#03590C89"
"1465","luckğŸ—¥nndulaninadeesha",1,0.75,"#03590C89"
"1466","luckğŸ§¥ğŸ§¥nnuochoa",1,0.75,"#03590C89"
"1467","luckğŸ§¥ğŸ§¥ğŸ§¥",1,0.75,"#03590C89"
"1468","mateğŸ‡¥ğŸ§¥ğŸ—¥ğŸ‡¥",1,0.6,"#03590C6D"
"1469","merit",1,0.75,"#03590C89"
"1470","misalign",1,-1,"#B30509B6"
"1471","mislead",1,-0.5,"#B305095B"
"1472","mistress",1,-0.5,"#B305095B"
"1473","mobster",1,-1,"#B30509B6"
"1474","moneyâš¡ï¸nn",1,0.6,"#03590C6D"
"1475","moneyğŸ—¥ğŸ—¥ğŸ—¥nzukimoba",1,0.6,"#03590C6D"
"1476","monthnâ¤ï¸develop",1,0.1,"#03590C12"
"1477","nab",1,-0.6,"#B305096D"
"1478","newâ€‹",1,0.8,"#03590C92"
"1479","nftnğŸ—¥likeâ¤ï¸",1,0.5,"#03590C5B"
"1480","nftğŸ—¥ownership",1,0.6,"#03590C6D"
"1481","niceâ€¦",1,0.5,"#03590C5B"
"1482","niceğŸ—¥ğŸ—¥nget",1,0.5,"#03590C5B"
"1483","nnğŸ—¥surprise",1,0.6,"#03590C6D"
"1484","notorious",1,-0.75,"#B3050989"
"1485","numberğŸ—¥nnğŸ—¥join",1,0.25,"#03590C2E"
"1486","nâƒ£join",1,0.25,"#03590C2E"
"1487","nâœ…fair",1,0.75,"#03590C89"
"1488","nâœ…talk",1,0.4,"#03590C49"
"1489","nâœ¨new",1,0.8,"#03590C92"
"1490","nğŸ‡¥reward",1,0.75,"#03590C89"
"1491","nğŸ—¥discordğŸ‡¥",1,-0.75,"#B3050989"
"1492","nğŸ—¥enjoy",1,0.75,"#03590C89"
"1493","nğŸ—¥pleas",1,-0.4,"#B3050949"
"1494","oath",1,0.4,"#03590C49"
"1495","offerğŸ—¥n",1,0.1,"#03590C12"
"1496","offerğŸ—¥nn",1,0.1,"#03590C12"
"1497","offerğŸ—¥âœ¨nnprotect",1,0.1,"#03590C12"
"1498","offerğŸ—¥ï¸nnhttpstcopzvbelhlaunnhttpstcozvkcrydoonnhttpstcoaxahlvffyunnhttpstcoalaslytnnhttpstcownwxvvlxmnnnft",1,0.1,"#03590C12"
"1499","omen",1,-0.8,"#B3050992"
"1500","opportunityğŸ—¥ncom",1,0.5,"#03590C5B"
"1501","organic",1,0.4,"#03590C49"
"1502","orphan",1,-0.5,"#B305095B"
"1503","overthink",1,-1,"#B30509B6"
"1504","overtook",1,-0.8,"#B3050992"
"1505","participationğŸ—¥nnprodiprajntanvimn",1,0.6,"#03590C6D"
"1506","participationğŸ—¥nnthi",1,0.6,"#03590C6D"
"1507","partnerğŸ—¥ğŸ‡¥",1,0.8,"#03590C92"
"1508","patron",1,0.1,"#03590C12"
"1509","pervert",1,-0.5,"#B305095B"
"1510","picnic",1,0.6,"#03590C6D"
"1511","pirate",1,-0.1,"#B3050912"
"1512","ponder",1,0.4,"#03590C49"
"1513","presentğŸ‡¥ğŸ‡¥nnxcddeabcecebbefddeabcdnnnft",1,0.25,"#03590C2E"
"1514","pretend",1,-0.75,"#B3050989"
"1515","prizeğŸ‡¥nnnft",1,0.8,"#03590C92"
"1516","profound",1,1,"#03590CB6"
"1517","progressâ€œ",1,0.75,"#03590C89"
"1518","prohibit",1,-0.8,"#B3050992"
"1519","projectnğŸ—¥solid",1,0.25,"#03590C2E"
"1520","projectâ¤ï¸â£ï¸good",1,0.75,"#03590C89"
"1521","promise",1,0.75,"#03590C89"
"1522","propaganda",1,-0.75,"#B3050989"
"1523","prosper",1,0.5,"#03590C5B"
"1524","protector",1,0.8,"#03590C92"
"1525","pups",1,0.6,"#03590C6D"
"1526","quitter",1,-1,"#B30509B6"
"1527","quiz",1,-0.25,"#B305092E"
"1528","readyğŸ—¥ğŸ—¥ğŸ—¥n",1,0.8,"#03590C92"
"1529","reasonablyğŸ‡¥nnslimepet",1,1,"#03590CB6"
"1530","recount",1,-0.25,"#B305092E"
"1531","refuseâ€",1,-0.75,"#B3050989"
"1532","regress",1,-0.5,"#B305095B"
"1533","regretã€nnnftnnftjapan",1,-0.75,"#B3050989"
"1534","relish",1,0.8,"#03590C92"
"1535","replenish",1,0.8,"#03590C92"
"1536","restrict",1,-0.75,"#B3050989"
"1537","retard",1,-0.75,"#B3050989"
"1538","retreat",1,-0.75,"#B3050989"
"1539","rewarded",1,0.5,"#03590C5B"
"1540","richğŸ—¥ğŸ—¥nkucoin",1,0.5,"#03590C5B"
"1541","rife",1,-0.5,"#B305095B"
"1542","rip",1,-0.25,"#B305092E"
"1543","robber",1,-0.5,"#B305095B"
"1544","sadness",1,-0.5,"#B305095B"
"1545","saliva",1,-0.4,"#B3050949"
"1546","saver",1,0.8,"#03590C92"
"1547","scapegoatâ¤ï¸nwrit",1,-1,"#B30509B6"
"1548","scare",1,-0.75,"#B3050989"
"1549","secureâ‰ï¸",1,0.5,"#03590C5B"
"1550","shadyğŸ§¥nnnft",1,-0.5,"#B305095B"
"1551","shame",1,-0.75,"#B3050989"
"1552","shares",1,0.1,"#03590C12"
"1553","shimmer",1,0.25,"#03590C2E"
"1554","sickğŸ§¥ğŸ§¥nnnft",1,-0.75,"#B3050989"
"1555","simplest",1,0.4,"#03590C49"
"1556","slowâ˜•â˜•â˜•",1,-0.25,"#B305092E"
"1557","smilesâ€",1,0.5,"#03590C5B"
"1558","smitten",1,0.75,"#03590C89"
"1559","softer",1,0.6,"#03590C6D"
"1560","spank",1,-0.5,"#B305095B"
"1561","spite",1,-0.5,"#B305095B"
"1562","splendid",1,1,"#03590CB6"
"1563","spoil",1,-0.5,"#B305095B"
"1564","stainless",1,0.5,"#03590C5B"
"1565","stealğŸ—¥",1,-0.75,"#B3050989"
"1566","stolen",1,-0.75,"#B3050989"
"1567","stopâ€¦",1,-0.4,"#B3050949"
"1568","strange",1,-0.5,"#B305095B"
"1569","stray",1,-0.5,"#B305095B"
"1570","strike",1,-0.75,"#B3050989"
"1571","successful",1,0.75,"#03590C89"
"1572","successâœ…nnrobbywoynsiamnshohagnnslimepet",1,0.75,"#03590C89"
"1573","successğŸ‡¥naktershaznin",1,0.75,"#03590C89"
"1574","successğŸ‡¥ğŸ‡¥ğŸ§¥ğŸ§¥nncahyadiayya",1,0.75,"#03590C89"
"1575","successğŸ§¥ğŸ§¥nnzell",1,0.75,"#03590C89"
"1576","sucker",1,-0.5,"#B305095B"
"1577","supermanÂ Â Â Â Â Â Â Â Â Â Â Â Â Â Â Â Â Â Â Â Â Â Â Â Â Â Â Â Â Â ",1,0.8,"#03590C92"
"1578","superstar",1,0.8,"#03590C92"
"1579","supplyğŸ—¥nnğŸ—¥break",1,-0.25,"#B305092E"
"1580","supportğŸ—¥nnft",1,0.5,"#03590C5B"
"1581","supportğŸ—¥nnopensea",1,0.5,"#03590C5B"
"1582","supportğŸ§¥nnslabblenft",1,0.5,"#03590C5B"
"1583","supreme",1,0.5,"#03590C5B"
"1584","survivalâ€",1,0.6,"#03590C6D"
"1585","suspect",1,-0.75,"#B3050989"
"1586","temper",1,-0.5,"#B305095B"
"1587","thanksğŸ—¥n",1,0.6,"#03590C6D"
"1588","thieves",1,-1,"#B30509B6"
"1589","thisnğŸ—¥eat",1,0.6,"#03590C6D"
"1590","tranquil",1,0.75,"#03590C89"
"1591","trashğŸ—¥",1,-0.5,"#B305095B"
"1592","trendingğŸ§¥ğŸ§¥ğŸ—¥nnbabysamo",1,0.4,"#03590C49"
"1593","trigger",1,-0.4,"#B3050949"
"1594","trueğŸ§¥",1,0.5,"#03590C5B"
"1595","undercut",1,-0.4,"#B3050949"
"1596","underworld",1,-0.6,"#B305096D"
"1597","unexpected",1,-0.25,"#B305092E"
"1598","unfit",1,-1,"#B30509B6"
"1599","unreal",1,-0.4,"#B3050949"
"1600","upset",1,-0.75,"#B3050989"
"1601","usğŸ—¥nâ¡join",1,0.25,"#03590C2E"
"1602","utilityğŸ—¥nnlov",1,0.4,"#03590C49"
"1603","viper",1,-0.25,"#B305092E"
"1604","virusğŸ—¥n",1,-0.5,"#B305095B"
"1605","vomit",1,-1,"#B30509B6"
"1606","waryğŸ—¥nnhttpstcourdmlqfnnnft",1,-1,"#B30509B6"
"1607","warğŸ—¥nnftartist",1,-0.5,"#B305095B"
"1608","waver",1,-0.8,"#B3050992"
"1609","wellğŸ—¥nthi",1,0.8,"#03590C92"
"1610","whoop",1,0.4,"#03590C49"
"1611","widespread",1,-0.25,"#B305092E"
"1612","winnerğŸ—¥nnitâ€™",1,0.75,"#03590C89"
"1613","winnğŸ—¥join",1,0.25,"#03590C2E"
"1614","winâ€npixlcoin",1,0.5,"#03590C5B"
"1615","winâ¤ï¸â¤ï¸",1,0.5,"#03590C5B"
"1616","wireless",1,0.25,"#03590C2E"
"1617","wowâ€¦beastiesonlin",1,0.5,"#03590C5B"
"1618","wreck",1,-0.75,"#B3050989"
"1619","xrptoolkitnnâœ…discord",1,-0.75,"#B3050989"
"1620","yesâ€¼ï¸ğŸ—¥",1,0.8,"#03590C92"
"1621","younger",1,0.25,"#03590C2E"
"1622","zombie",1,-0.25,"#B305092E"
"1623","Â«breakÂ»",1,-0.25,"#B305092E"
"1624","Â«dream",1,0.25,"#03590C2E"
"1625","Â«frozen",1,-0.25,"#B305092E"
"1626","â€˜fakeâ€™",1,-0.75,"#B3050989"
"1627","â€œalien",1,-0.6,"#B305096D"
"1628","â€œanxietyâ€",1,-1,"#B30509B6"
"1629","â€œarcaneâ€",1,-0.4,"#B3050949"
"1630","â€œenoughâ€nnit",1,-0.25,"#B305092E"
"1631","â€œerror",1,-1,"#B30509B6"
"1632","â€œsaviorâ€nnâ€œyou",1,1,"#03590CB6"
"1633","â€œstop",1,-0.4,"#B3050949"
"1634","â€œunknown",1,-0.5,"#B305095B"
"1635","â€œvertigoâ€",1,-0.5,"#B305095B"
"1636","â€œâ€œvice",1,-0.5,"#B305095B"
"1637","â€grow",1,0.8,"#03590C92"
"1638","â€work",1,0.25,"#03590C2E"
"1639","â€¼ï¸attentionâ€¼ï¸nndeâ€™punk",1,0.25,"#03590C2E"
"1640","âš”ï¸boldâš”ï¸",1,0.25,"#03590C2E"
"1641","âš ï¸wizard",1,0.4,"#03590C49"
"1642","âš¡ï¸âš¡ï¸âš¡ï¸new",1,0.8,"#03590C92"
"1643","âš¡ï¸ğŸ—¥new",1,0.8,"#03590C92"
"1644","âœ¨big",1,0.25,"#03590C2E"
"1645","âœ¨new",1,0.8,"#03590C92"
"1646","âœ¨updateâœ¨new",1,0.8,"#03590C92"
"1647","âœ¨âš¡ï¸new",1,0.8,"#03590C92"
"1648","â¤ï¸dear",1,0.5,"#03590C5B"
"1649","â­ï¸discord",1,-0.75,"#B3050989"
"1650","ï¼ˆworth",1,0.75,"#03590C89"
"1651","ğŸ‡¥free",1,0.5,"#03590C5B"
"1652","ğŸ‡¥good",1,0.75,"#03590C89"
"1653","ğŸ‡¥ğŸ—¥weird",1,-0.25,"#B305092E"
"1654","ğŸ—¥amaze",1,0.5,"#03590C5B"
"1655","ğŸ—¥angelğŸ—¥ncheck",1,0.5,"#03590C5B"
"1656","ğŸ—¥berserk",1,-0.5,"#B305095B"
"1657","ğŸ—¥blind",1,-0.75,"#B3050989"
"1658","ğŸ—¥cute",1,0.75,"#03590C89"
"1659","ğŸ—¥dank",1,-0.4,"#B3050949"
"1660","ğŸ—¥ghost",1,-0.6,"#B305096D"
"1661","ğŸ—¥grow",1,0.8,"#03590C92"
"1662","ğŸ—¥lion",1,0.1,"#03590C12"
"1663","ğŸ—¥love",1,0.75,"#03590C89"
"1664","ğŸ—¥monster",1,-0.5,"#B305095B"
"1665","ğŸ—¥nnâ€œblow",1,-0.4,"#B3050949"
"1666","ğŸ—¥nnâ­ï¸join",1,0.25,"#03590C2E"
"1667","ğŸ—¥nnğŸ—¥great",1,0.5,"#03590C5B"
"1668","ğŸ—¥nğŸ—¥ğŸ—¥new",1,0.8,"#03590C92"
"1669","ğŸ—¥nğŸ§¥thank",1,0.5,"#03590C5B"
"1670","ğŸ—¥sneak",1,-0.5,"#B305095B"
"1671","ğŸ—¥special",1,0.8,"#03590C92"
"1672","ğŸ—¥white",1,0.4,"#03590C49"
"1673","ğŸ—¥work",1,0.25,"#03590C2E"
"1674","ğŸ—¥â€œmemento",1,0.25,"#03590C2E"
"1675","ğŸ—¥ğŸ—¥ğŸ—¥new",1,0.8,"#03590C92"
"1676","ğŸ—¥ğŸ—¥ğŸ—¥nnğŸ‡¥imposter",1,-0.8,"#B3050992"
"1677","ğŸ—¥ğŸ—¥ğŸ—¥sneak",1,-0.5,"#B305095B"
"1678","ğŸ—¥ğŸ—¥ğŸ—¥visit",1,0.4,"#03590C49"
"1679","ğŸ§¥new",1,0.8,"#03590C92"
"1680","ğŸ§¥ğŸ§¥welcome",1,0.5,"#03590C5B"
"1681","NFT",2681,0,"#00000099"
